error_id,request,created_at,name,message,stack
1,"{""_readableState"":{""objectMode"":false,""highWaterMark"":16384,""buffer"":{""head"":null,""tail"":null,""length"":0},""length"":0,""pipes"":null,""pipesCount"":0,""flowing"":null,""ended"":false,""endEmitted"":false,""reading"":false,""sync"":true,""needReadable"":false,""emittedReadable"":false,""readableListening"":false,""resumeScheduled"":false,""destroyed"":false,""defaultEncoding"":""utf8"",""awaitDrain"":0,""readingMore"":true,""decoder"":null,""encoding"":null},""readable"":true,""domain"":null,""_events"":{},""_eventsCount"":1,""socket"":{""connecting"":false,""_hadError"":false,""_handle"":{""reading"":true,""onconnection"":null,""writeQueueSize"":0,""_consumed"":true},""_parent"":null,""_host"":null,""_readableState"":{""objectMode"":false,""highWaterMark"":16384,""buffer"":{""head"":null,""tail"":null,""length"":0},""length"":0,""pipes"":null,""pipesCount"":0,""flowing"":true,""ended"":false,""endEmitted"":false,""reading"":true,""sync"":false,""needReadable"":true,""emittedReadable"":false,""readableListening"":false,""resumeScheduled"":false,""destroyed"":false,""defaultEncoding"":""utf8"",""awaitDrain"":0,""readingMore"":false,""decoder"":null,""encoding"":null},""readable"":true,""domain"":null,""_events"":{""end"":[null,null],""drain"":[null,null],""close"":[null,null]},""_eventsCount"":9,""_writableState"":{""objectMode"":false,""highWaterMark"":16384,""finalCalled"":false,""needDrain"":false,""ending"":false,""ended"":false,""finished"":false,""destroyed"":false,""decodeStrings"":false,""defaultEncoding"":""utf8"",""length"":0,""writing"":false,""corked"":0,""sync"":true,""bufferProcessing"":false,""writecb"":null,""writelen"":0,""bufferedRequest"":null,""lastBufferedRequest"":null,""pendingcb"":0,""prefinished"":false,""errorEmitted"":false,""bufferedRequestCount"":0,""corkedRequestsFree"":{""next"":null,""entry"":null}},""writable"":true,""allowHalfOpen"":true,""_bytesDispatched"":0,""_sockname"":null,""_pendingData"":null,""_pendingEncoding"":"""",""server"":{""domain"":null,""_events"":{},""_eventsCount"":2,""_connections"":2,""_handle"":{""reading"":false,""onread"":null,""writeQueueSize"":0},""_usingSlaves"":false,""_slaves"":[],""_unref"":false,""allowHalfOpen"":true,""pauseOnConnect"":false,""httpAllowHalfOpen"":false,""timeout"":120000,""keepAliveTimeout"":5000,""_pendingResponseData"":0,""maxHeadersCount"":null,""headersTimeout"":40000,""_connectionKey"":""6::::8080""},""_idleTimeout"":120000,""_idleNext"":{""_idleNext"":{""connecting"":false,""_hadError"":false,""_handle"":{""reading"":true,""onconnection"":null,""writeQueueSize"":0,""_consumed"":true},""_parent"":null,""_host"":null,""_readableState"":{""objectMode"":false,""highWaterMark"":16384,""buffer"":{""head"":null,""tail"":null,""length"":0},""length"":0,""pipes"":null,""pipesCount"":0,""flowing"":true,""ended"":false,""endEmitted"":false,""reading"":true,""sync"":false,""needReadable"":true,""emittedReadable"":false,""readableListening"":false,""resumeScheduled"":false,""destroyed"":false,""defaultEncoding"":""utf8"",""awaitDrain"":0,""readingMore"":false,""decoder"":null,""encoding"":null},""readable"":true,""domain"":null,""_events"":{""end"":[null,null],""drain"":[null,null]},""_eventsCount"":9,""_writableState"":{""objectMode"":false,""highWaterMark"":16384,""finalCalled"":false,""needDrain"":false,""ending"":false,""ended"":false,""finished"":false,""destroyed"":false,""decodeStrings"":false,""defaultEncoding"":""utf8"",""length"":0,""writing"":false,""corked"":0,""sync"":true,""bufferProcessing"":false,""writecb"":null,""writelen"":0,""bufferedRequest"":null,""lastBufferedRequest"":null,""pendingcb"":0,""prefinished"":false,""errorEmitted"":false,""bufferedRequestCount"":0,""corkedRequestsFree"":{""next"":null,""entry"":null}},""writable"":true,""allowHalfOpen"":true,""_bytesDispatched"":0,""_sockname"":null,""_pendingData"":null,""_pendingEncoding"":"""",""_idleTimeout"":120000,""_idleStart"":2915,""_destroyed"":false,""parser"":{""_headers"":[],""_url"":"""",""_consumed"":true,""incoming"":null,""outgoing"":null,""parsingHeadersStart"":1571634820427,""maxHeaderPairs"":2000},""_paused"":false},""_timer"":{},""_unrefed"":true,""msecs"":120000,""nextTick"":false},""_idleStart"":2913,""_destroyed"":false,""parser"":{""_headers"":[],""_url"":"""",""_consumed"":true,""outgoing"":null,""parsingHeadersStart"":0,""maxHeaderPairs"":2000},""_paused"":false,""_httpMessage"":{""domain"":null,""_events"":{},""_eventsCount"":1,""output"":[],""outputEncodings"":[],""outputCallbacks"":[],""outputSize"":0,""writable"":true,""_last"":false,""upgrading"":false,""chunkedEncoding"":false,""shouldKeepAlive"":true,""useChunkedEncodingByDefault"":true,""sendDate"":true,""_removedConnection"":false,""_removedContLen"":false,""_removedTE"":false,""_contentLength"":null,""_hasBody"":true,""_trailer"":"""",""finished"":false,""_headerSent"":false,""_header"":null,""_sent100"":false,""_expect_continue"":false,""locals"":{}}},""httpVersionMajor"":1,""httpVersionMinor"":1,""httpVersion"":""1.1"",""complete"":false,""headers"":{""host"":""localhost:8080"",""connection"":""keep-alive"",""cache-control"":""max-age=0"",""upgrade-insecure-requests"":""1"",""user-agent"":""Mozilla/5.0 (X11; Linux x86_64) AppleWebKit/537.36 (KHTML, like Gecko) Chrome/77.0.3865.120 Safari/537.36"",""sec-fetch-mode"":""navigate"",""sec-fetch-user"":""?1"",""accept"":""text/html,application/xhtml+xml,application/xml;q=0.9,image/webp,image/apng,*/*;q=0.8,application/signed-exchange;v=b3"",""sec-fetch-site"":""cross-site"",""accept-encoding"":""gzip, deflate, br"",""accept-language"":""en-US,en;q=0.9,hi;q=0.8"",""if-none-match"":""W/\""ce-0n9PeiQXgSqrsskyhIKHtPz8C8U\""""},""rawHeaders"":[""Host"",""localhost:8080"",""Connection"",""keep-alive"",""Cache-Control"",""max-age=0"",""Upgrade-Insecure-Requests"",""1"",""User-Agent"",""Mozilla/5.0 (X11; Linux x86_64) AppleWebKit/537.36 (KHTML, like Gecko) Chrome/77.0.3865.120 Safari/537.36"",""Sec-Fetch-Mode"",""navigate"",""Sec-Fetch-User"",""?1"",""Accept"",""text/html,application/xhtml+xml,application/xml;q=0.9,image/webp,image/apng,*/*;q=0.8,application/signed-exchange;v=b3"",""Sec-Fetch-Site"",""cross-site"",""Accept-Encoding"",""gzip, deflate, br"",""Accept-Language"",""en-US,en;q=0.9,hi;q=0.8"",""If-None-Match"",""W/\""ce-0n9PeiQXgSqrsskyhIKHtPz8C8U\""""],""trailers"":{},""rawTrailers"":[],""aborted"":false,""upgrade"":false,""url"":""/users"",""method"":""GET"",""statusCode"":null,""statusMessage"":null,""_consuming"":false,""_dumped"":false,""baseUrl"":"""",""originalUrl"":""/users"",""_parsedUrl"":{""protocol"":null,""slashes"":null,""auth"":null,""host"":null,""port"":null,""hostname"":null,""hash"":null,""search"":null,""query"":null,""pathname"":""/users"",""path"":""/users"",""href"":""/users"",""_raw"":""/users""},""params"":{},""query"":{},""body"":{},""route"":{""path"":""/users"",""stack"":[{""name"":""<anonymous>"",""keys"":[],""regexp"":{""fast_star"":false,""fast_slash"":false},""method"":""get""}],""methods"":{""get"":true}}}",2019-10-21 05:13:42.641533,TypeError,func is not a function,"TypeError: func is not a function
    at attemptAsync (/media/shane/RaptorMS/usatt/server/server/server.js:63:22)
    at handleRequest (/media/shane/RaptorMS/usatt/server/server/server.js:91:28)
    at app.get (/media/shane/RaptorMS/usatt/server/server/server.js:118:39)
    at Layer.handle [as handle_request] (/media/shane/RaptorMS/usatt/server/node_modules/express/lib/router/layer.js:95:5)
    at next (/media/shane/RaptorMS/usatt/server/node_modules/express/lib/router/route.js:137:13)
    at Route.dispatch (/media/shane/RaptorMS/usatt/server/node_modules/express/lib/router/route.js:112:3)
    at Layer.handle [as handle_request] (/media/shane/RaptorMS/usatt/server/node_modules/express/lib/router/layer.js:95:5)
    at /media/shane/RaptorMS/usatt/server/node_modules/express/lib/router/index.js:281:22
    at Function.process_params (/media/shane/RaptorMS/usatt/server/node_modules/express/lib/router/index.js:335:12)
    at next (/media/shane/RaptorMS/usatt/server/node_modules/express/lib/router/index.js:275:10)"
2,"{""_readableState"":{""objectMode"":false,""highWaterMark"":16384,""buffer"":{""head"":null,""tail"":null,""length"":0},""length"":0,""pipes"":null,""pipesCount"":0,""flowing"":null,""ended"":false,""endEmitted"":false,""reading"":false,""sync"":true,""needReadable"":false,""emittedReadable"":false,""readableListening"":false,""resumeScheduled"":false,""destroyed"":false,""defaultEncoding"":""utf8"",""awaitDrain"":0,""readingMore"":true,""decoder"":null,""encoding"":null},""readable"":true,""domain"":null,""_events"":{},""_eventsCount"":1,""socket"":{""connecting"":false,""_hadError"":false,""_handle"":{""reading"":true,""onconnection"":null,""writeQueueSize"":0,""_consumed"":true},""_parent"":null,""_host"":null,""_readableState"":{""objectMode"":false,""highWaterMark"":16384,""buffer"":{""head"":null,""tail"":null,""length"":0},""length"":0,""pipes"":null,""pipesCount"":0,""flowing"":true,""ended"":false,""endEmitted"":false,""reading"":true,""sync"":false,""needReadable"":true,""emittedReadable"":false,""readableListening"":false,""resumeScheduled"":false,""destroyed"":false,""defaultEncoding"":""utf8"",""awaitDrain"":0,""readingMore"":false,""decoder"":null,""encoding"":null},""readable"":true,""domain"":null,""_events"":{""end"":[null,null],""drain"":[null,null],""close"":[null,null]},""_eventsCount"":9,""_writableState"":{""objectMode"":false,""highWaterMark"":16384,""finalCalled"":false,""needDrain"":false,""ending"":false,""ended"":false,""finished"":false,""destroyed"":false,""decodeStrings"":false,""defaultEncoding"":""utf8"",""length"":0,""writing"":false,""corked"":0,""sync"":true,""bufferProcessing"":false,""writecb"":null,""writelen"":0,""bufferedRequest"":null,""lastBufferedRequest"":null,""pendingcb"":0,""prefinished"":false,""errorEmitted"":false,""bufferedRequestCount"":0,""corkedRequestsFree"":{""next"":null,""entry"":null}},""writable"":true,""allowHalfOpen"":true,""_bytesDispatched"":0,""_sockname"":null,""_pendingData"":null,""_pendingEncoding"":"""",""server"":{""domain"":null,""_events"":{},""_eventsCount"":2,""_connections"":2,""_handle"":{""reading"":false,""onread"":null,""writeQueueSize"":0},""_usingSlaves"":false,""_slaves"":[],""_unref"":false,""allowHalfOpen"":true,""pauseOnConnect"":false,""httpAllowHalfOpen"":false,""timeout"":120000,""keepAliveTimeout"":5000,""_pendingResponseData"":0,""maxHeadersCount"":null,""headersTimeout"":40000,""_connectionKey"":""6::::8080""},""_idleTimeout"":120000,""_idleNext"":{""_idleNext"":{""connecting"":false,""_hadError"":false,""_handle"":{""reading"":true,""onconnection"":null,""writeQueueSize"":0,""_consumed"":true},""_parent"":null,""_host"":null,""_readableState"":{""objectMode"":false,""highWaterMark"":16384,""buffer"":{""head"":null,""tail"":null,""length"":0},""length"":0,""pipes"":null,""pipesCount"":0,""flowing"":true,""ended"":false,""endEmitted"":false,""reading"":true,""sync"":false,""needReadable"":true,""emittedReadable"":false,""readableListening"":false,""resumeScheduled"":false,""destroyed"":false,""defaultEncoding"":""utf8"",""awaitDrain"":0,""readingMore"":false,""decoder"":null,""encoding"":null},""readable"":true,""domain"":null,""_events"":{""end"":[null,null],""drain"":[null,null]},""_eventsCount"":9,""_writableState"":{""objectMode"":false,""highWaterMark"":16384,""finalCalled"":false,""needDrain"":false,""ending"":false,""ended"":false,""finished"":false,""destroyed"":false,""decodeStrings"":false,""defaultEncoding"":""utf8"",""length"":0,""writing"":false,""corked"":0,""sync"":true,""bufferProcessing"":false,""writecb"":null,""writelen"":0,""bufferedRequest"":null,""lastBufferedRequest"":null,""pendingcb"":0,""prefinished"":false,""errorEmitted"":false,""bufferedRequestCount"":0,""corkedRequestsFree"":{""next"":null,""entry"":null}},""writable"":true,""allowHalfOpen"":true,""_bytesDispatched"":0,""_sockname"":null,""_pendingData"":null,""_pendingEncoding"":"""",""_idleTimeout"":120000,""_idleStart"":1238,""_destroyed"":false,""parser"":{""_headers"":[],""_url"":"""",""_consumed"":true,""incoming"":null,""outgoing"":null,""parsingHeadersStart"":1571634893283,""maxHeaderPairs"":2000},""_paused"":false},""_timer"":{},""_unrefed"":true,""msecs"":120000,""nextTick"":false},""_idleStart"":1235,""_destroyed"":false,""parser"":{""_headers"":[],""_url"":"""",""_consumed"":true,""outgoing"":null,""parsingHeadersStart"":0,""maxHeaderPairs"":2000},""_paused"":false,""_httpMessage"":{""domain"":null,""_events"":{},""_eventsCount"":1,""output"":[],""outputEncodings"":[],""outputCallbacks"":[],""outputSize"":0,""writable"":true,""_last"":false,""upgrading"":false,""chunkedEncoding"":false,""shouldKeepAlive"":true,""useChunkedEncodingByDefault"":true,""sendDate"":true,""_removedConnection"":false,""_removedContLen"":false,""_removedTE"":false,""_contentLength"":null,""_hasBody"":true,""_trailer"":"""",""finished"":false,""_headerSent"":false,""_header"":null,""_sent100"":false,""_expect_continue"":false,""locals"":{}}},""httpVersionMajor"":1,""httpVersionMinor"":1,""httpVersion"":""1.1"",""complete"":false,""headers"":{""host"":""localhost:8080"",""connection"":""keep-alive"",""cache-control"":""max-age=0"",""upgrade-insecure-requests"":""1"",""user-agent"":""Mozilla/5.0 (X11; Linux x86_64) AppleWebKit/537.36 (KHTML, like Gecko) Chrome/77.0.3865.120 Safari/537.36"",""sec-fetch-mode"":""navigate"",""sec-fetch-user"":""?1"",""accept"":""text/html,application/xhtml+xml,application/xml;q=0.9,image/webp,image/apng,*/*;q=0.8,application/signed-exchange;v=b3"",""sec-fetch-site"":""cross-site"",""accept-encoding"":""gzip, deflate, br"",""accept-language"":""en-US,en;q=0.9,hi;q=0.8""},""rawHeaders"":[""Host"",""localhost:8080"",""Connection"",""keep-alive"",""Cache-Control"",""max-age=0"",""Upgrade-Insecure-Requests"",""1"",""User-Agent"",""Mozilla/5.0 (X11; Linux x86_64) AppleWebKit/537.36 (KHTML, like Gecko) Chrome/77.0.3865.120 Safari/537.36"",""Sec-Fetch-Mode"",""navigate"",""Sec-Fetch-User"",""?1"",""Accept"",""text/html,application/xhtml+xml,application/xml;q=0.9,image/webp,image/apng,*/*;q=0.8,application/signed-exchange;v=b3"",""Sec-Fetch-Site"",""cross-site"",""Accept-Encoding"",""gzip, deflate, br"",""Accept-Language"",""en-US,en;q=0.9,hi;q=0.8""],""trailers"":{},""rawTrailers"":[],""aborted"":false,""upgrade"":false,""url"":""/users"",""method"":""GET"",""statusCode"":null,""statusMessage"":null,""_consuming"":false,""_dumped"":false,""baseUrl"":"""",""originalUrl"":""/users"",""_parsedUrl"":{""protocol"":null,""slashes"":null,""auth"":null,""host"":null,""port"":null,""hostname"":null,""hash"":null,""search"":null,""query"":null,""pathname"":""/users"",""path"":""/users"",""href"":""/users"",""_raw"":""/users""},""params"":{},""query"":{},""body"":{},""route"":{""path"":""/users"",""stack"":[{""name"":""<anonymous>"",""keys"":[],""regexp"":{""fast_star"":false,""fast_slash"":false},""method"":""get""}],""methods"":{""get"":true}}}",2019-10-21 05:14:58.807092,TypeError,func is not a function,"TypeError: func is not a function
    at attemptAsync (/media/shane/RaptorMS/usatt/server/server/server.js:63:22)
    at handleRequest (/media/shane/RaptorMS/usatt/server/server/server.js:91:28)
    at app.get (/media/shane/RaptorMS/usatt/server/server/server.js:118:39)
    at Layer.handle [as handle_request] (/media/shane/RaptorMS/usatt/server/node_modules/express/lib/router/layer.js:95:5)
    at next (/media/shane/RaptorMS/usatt/server/node_modules/express/lib/router/route.js:137:13)
    at Route.dispatch (/media/shane/RaptorMS/usatt/server/node_modules/express/lib/router/route.js:112:3)
    at Layer.handle [as handle_request] (/media/shane/RaptorMS/usatt/server/node_modules/express/lib/router/layer.js:95:5)
    at /media/shane/RaptorMS/usatt/server/node_modules/express/lib/router/index.js:281:22
    at Function.process_params (/media/shane/RaptorMS/usatt/server/node_modules/express/lib/router/index.js:335:12)
    at next (/media/shane/RaptorMS/usatt/server/node_modules/express/lib/router/index.js:275:10)"
3,"{""_readableState"":{""objectMode"":false,""highWaterMark"":16384,""buffer"":{""head"":null,""tail"":null,""length"":0},""length"":0,""pipes"":null,""pipesCount"":0,""flowing"":true,""ended"":true,""endEmitted"":true,""reading"":false,""sync"":false,""needReadable"":false,""emittedReadable"":false,""readableListening"":false,""resumeScheduled"":false,""paused"":false,""emitClose"":true,""autoDestroy"":false,""destroyed"":false,""defaultEncoding"":""utf8"",""awaitDrain"":0,""readingMore"":false,""decoder"":null,""encoding"":null},""readable"":false,""_events"":{},""_eventsCount"":1,""socket"":{""connecting"":false,""_hadError"":false,""_handle"":{""reading"":true,""onconnection"":null,""_consumed"":true},""_parent"":null,""_host"":null,""_readableState"":{""objectMode"":false,""highWaterMark"":16384,""buffer"":{""head"":null,""tail"":null,""length"":0},""length"":0,""pipes"":null,""pipesCount"":0,""flowing"":true,""ended"":false,""endEmitted"":false,""reading"":true,""sync"":false,""needReadable"":true,""emittedReadable"":false,""readableListening"":false,""resumeScheduled"":false,""paused"":false,""emitClose"":false,""autoDestroy"":false,""destroyed"":false,""defaultEncoding"":""utf8"",""awaitDrain"":0,""readingMore"":false,""decoder"":null,""encoding"":null},""readable"":true,""_events"":{""end"":[null,null],""drain"":[null,null],""close"":[null,null]},""_eventsCount"":8,""_writableState"":{""objectMode"":false,""highWaterMark"":16384,""finalCalled"":false,""needDrain"":false,""ending"":false,""ended"":false,""finished"":false,""destroyed"":false,""decodeStrings"":false,""defaultEncoding"":""utf8"",""length"":0,""writing"":false,""corked"":0,""sync"":true,""bufferProcessing"":false,""writecb"":null,""writelen"":0,""bufferedRequest"":null,""lastBufferedRequest"":null,""pendingcb"":0,""prefinished"":false,""errorEmitted"":false,""emitClose"":false,""autoDestroy"":false,""bufferedRequestCount"":0,""corkedRequestsFree"":{""next"":null,""entry"":null}},""writable"":true,""allowHalfOpen"":true,""_sockname"":null,""_pendingData"":null,""_pendingEncoding"":"""",""server"":{""_events"":{},""_eventsCount"":2,""_connections"":1,""_handle"":{""reading"":false,""onread"":null},""_usingWorkers"":false,""_workers"":[],""_unref"":false,""allowHalfOpen"":true,""pauseOnConnect"":false,""httpAllowHalfOpen"":false,""timeout"":120000,""keepAliveTimeout"":5000,""maxHeadersCount"":null,""headersTimeout"":40000,""_connectionKey"":""6::::44536""},""timeout"":120000,""parser"":{""_headers"":[],""_url"":"""",""outgoing"":null,""maxHeaderPairs"":2000,""_consumed"":true,""parsingHeadersStart"":1571688466018},""_paused"":false,""_httpMessage"":{""_events"":{},""_eventsCount"":1,""output"":[],""outputEncodings"":[],""outputCallbacks"":[],""outputSize"":0,""writable"":true,""_last"":false,""chunkedEncoding"":false,""shouldKeepAlive"":false,""useChunkedEncodingByDefault"":true,""sendDate"":true,""_removedConnection"":false,""_removedContLen"":false,""_removedTE"":false,""_contentLength"":null,""_hasBody"":true,""_trailer"":"""",""finished"":false,""_headerSent"":false,""_header"":null,""_sent100"":false,""_expect_continue"":false,""locals"":{}}},""httpVersionMajor"":1,""httpVersionMinor"":1,""httpVersion"":""1.1"",""complete"":true,""headers"":{""host"":""usatt-server.herokuapp.com"",""connection"":""close"",""authorization"":""Bearer 1fdb7efb6276f5753c6689fa3c979d38cc0e45deeef9ec19f41abb39a7bbc5fda00a907b52c94d6b2985dca3c9c155655a06603bdd565f89d823e19c45485b568218d8a004f70374edff0a45fed2dfaf9fb000bafd0a21fe72234df8bff12c21823df4efb0b4c4ad45d77eef7683d4796445e0ae163d23f1f7294bdf354401a92b7d426d5e381c1ebdf7fe6b527f48d8dc838bd6eed8f99deae45874fa3b5525e88d2acf5668396adabea4c26021e69b1e9d75d88c9c1757e1d5b2c0e98cc421b0685b884d83c8725b"",""cookie"":""sails.sid=s%3AXLwo4f2fE_d8JvzcreRpJeGdyp2h7dsN.6qVPh9CZcPZ9vi6CXlhF6bgiLstElUsIsCyS3QjcRyY; Path=/; HttpOnly"",""content-type"":""application/json"",""accept-encoding"":""gzip"",""user-agent"":""okhttp/3.8.0"",""x-request-id"":""bb3fb22d-5591-406d-a6b4-e8572ecb2d67"",""x-forwarded-for"":""99.203.15.44"",""x-forwarded-proto"":""https"",""x-forwarded-port"":""443"",""via"":""1.1 vegur"",""connect-time"":""0"",""x-request-start"":""1571688466018"",""total-route-time"":""0"",""content-length"":""2""},""rawHeaders"":[""Host"",""usatt-server.herokuapp.com"",""Connection"",""close"",""Authorization"",""Bearer 1fdb7efb6276f5753c6689fa3c979d38cc0e45deeef9ec19f41abb39a7bbc5fda00a907b52c94d6b2985dca3c9c155655a06603bdd565f89d823e19c45485b568218d8a004f70374edff0a45fed2dfaf9fb000bafd0a21fe72234df8bff12c21823df4efb0b4c4ad45d77eef7683d4796445e0ae163d23f1f7294bdf354401a92b7d426d5e381c1ebdf7fe6b527f48d8dc838bd6eed8f99deae45874fa3b5525e88d2acf5668396adabea4c26021e69b1e9d75d88c9c1757e1d5b2c0e98cc421b0685b884d83c8725b"",""Cookie"",""sails.sid=s%3AXLwo4f2fE_d8JvzcreRpJeGdyp2h7dsN.6qVPh9CZcPZ9vi6CXlhF6bgiLstElUsIsCyS3QjcRyY; Path=/; HttpOnly"",""Content-Type"",""application/json"",""Accept-Encoding"",""gzip"",""User-Agent"",""okhttp/3.8.0"",""X-Request-Id"",""bb3fb22d-5591-406d-a6b4-e8572ecb2d67"",""X-Forwarded-For"",""99.203.15.44"",""X-Forwarded-Proto"",""https"",""X-Forwarded-Port"",""443"",""Via"",""1.1 vegur"",""Connect-Time"",""0"",""X-Request-Start"",""1571688466018"",""Total-Route-Time"",""0"",""Content-Length"",""2""],""trailers"":{},""rawTrailers"":[],""aborted"":false,""upgrade"":false,""url"":""/games?circuit_id=5&player4=aahir&player3=sdeshmu2&player2=gnurushe&result=111&player1=sjaroch"",""method"":""POST"",""statusCode"":null,""statusMessage"":null,""_consuming"":true,""_dumped"":false,""baseUrl"":"""",""originalUrl"":""/games?circuit_id=5&player4=aahir&player3=sdeshmu2&player2=gnurushe&result=111&player1=sjaroch"",""_parsedUrl"":{""protocol"":null,""slashes"":null,""auth"":null,""host"":null,""port"":null,""hostname"":null,""hash"":null,""search"":""?circuit_id=5&player4=aahir&player3=sdeshmu2&player2=gnurushe&result=111&player1=sjaroch"",""query"":""circuit_id=5&player4=aahir&player3=sdeshmu2&player2=gnurushe&result=111&player1=sjaroch"",""pathname"":""/games"",""path"":""/games?circuit_id=5&player4=aahir&player3=sdeshmu2&player2=gnurushe&result=111&player1=sjaroch"",""href"":""/games?circuit_id=5&player4=aahir&player3=sdeshmu2&player2=gnurushe&result=111&player1=sjaroch"",""_raw"":""/games?circuit_id=5&player4=aahir&player3=sdeshmu2&player2=gnurushe&result=111&player1=sjaroch""},""params"":{},""query"":{""circuit_id"":""5"",""player4"":""aahir"",""player3"":""sdeshmu2"",""player2"":""gnurushe"",""result"":""111"",""player1"":""sjaroch""},""body"":{},""_body"":true,""route"":{""path"":""/games"",""stack"":[{""name"":""<anonymous>"",""keys"":[],""regexp"":{""fast_star"":false,""fast_slash"":false},""method"":""post""}],""methods"":{""post"":true}}}",2019-10-21 20:07:47.543545,ReferenceError,request is not defined,"ReferenceError: request is not defined
    at Object.slack (/app/server/utils.js:16:5)
    at create_games (/app/server/users.js:191:19)
    at process._tickCallback (internal/process/next_tick.js:68:7)"
4,"{""_readableState"":{""objectMode"":false,""highWaterMark"":16384,""buffer"":{""head"":null,""tail"":null,""length"":0},""length"":0,""pipes"":null,""pipesCount"":0,""flowing"":null,""ended"":true,""endEmitted"":false,""reading"":false,""sync"":true,""needReadable"":false,""emittedReadable"":false,""readableListening"":false,""resumeScheduled"":false,""paused"":true,""emitClose"":true,""autoDestroy"":false,""destroyed"":false,""defaultEncoding"":""utf8"",""awaitDrain"":0,""readingMore"":true,""decoder"":null,""encoding"":null},""readable"":true,""_events"":{},""_eventsCount"":1,""socket"":{""connecting"":false,""_hadError"":false,""_handle"":{""reading"":true,""onconnection"":null,""_consumed"":true},""_parent"":null,""_host"":null,""_readableState"":{""objectMode"":false,""highWaterMark"":16384,""buffer"":{""head"":null,""tail"":null,""length"":0},""length"":0,""pipes"":null,""pipesCount"":0,""flowing"":true,""ended"":false,""endEmitted"":false,""reading"":true,""sync"":false,""needReadable"":true,""emittedReadable"":false,""readableListening"":false,""resumeScheduled"":false,""paused"":false,""emitClose"":false,""autoDestroy"":false,""destroyed"":false,""defaultEncoding"":""utf8"",""awaitDrain"":0,""readingMore"":false,""decoder"":null,""encoding"":null},""readable"":true,""_events"":{""end"":[null,null],""drain"":[null,null],""close"":[null,null]},""_eventsCount"":8,""_writableState"":{""objectMode"":false,""highWaterMark"":16384,""finalCalled"":false,""needDrain"":false,""ending"":false,""ended"":false,""finished"":false,""destroyed"":false,""decodeStrings"":false,""defaultEncoding"":""utf8"",""length"":0,""writing"":false,""corked"":0,""sync"":true,""bufferProcessing"":false,""writecb"":null,""writelen"":0,""bufferedRequest"":null,""lastBufferedRequest"":null,""pendingcb"":0,""prefinished"":false,""errorEmitted"":false,""emitClose"":false,""autoDestroy"":false,""bufferedRequestCount"":0,""corkedRequestsFree"":{""next"":null,""entry"":null}},""writable"":true,""allowHalfOpen"":true,""_sockname"":null,""_pendingData"":null,""_pendingEncoding"":"""",""server"":{""_events"":{},""_eventsCount"":2,""_connections"":1,""_handle"":{""reading"":false,""onread"":null},""_usingWorkers"":false,""_workers"":[],""_unref"":false,""allowHalfOpen"":true,""pauseOnConnect"":false,""httpAllowHalfOpen"":false,""timeout"":120000,""keepAliveTimeout"":5000,""maxHeadersCount"":null,""headersTimeout"":40000,""_connectionKey"":""6::::38599""},""timeout"":120000,""parser"":{""_headers"":[],""_url"":"""",""outgoing"":null,""maxHeaderPairs"":2000,""_consumed"":true,""parsingHeadersStart"":0},""_paused"":false,""_httpMessage"":{""_events"":{},""_eventsCount"":1,""output"":[],""outputEncodings"":[],""outputCallbacks"":[],""outputSize"":0,""writable"":true,""_last"":false,""chunkedEncoding"":false,""shouldKeepAlive"":false,""useChunkedEncodingByDefault"":true,""sendDate"":true,""_removedConnection"":false,""_removedContLen"":false,""_removedTE"":false,""_contentLength"":null,""_hasBody"":true,""_trailer"":"""",""finished"":false,""_headerSent"":false,""_header"":null,""_sent100"":false,""_expect_continue"":false,""locals"":{}}},""httpVersionMajor"":1,""httpVersionMinor"":1,""httpVersion"":""1.1"",""complete"":true,""headers"":{""host"":""usatt-server.herokuapp.com"",""connection"":""close"",""user-agent"":""Dalvik/2.1.0 (Linux; U; Android 6.0.1; SM-G900P Build/MMB29M)"",""accept-encoding"":""gzip"",""x-request-id"":""0fc1dabb-f1c6-4b84-9da5-9770ed86f4e6"",""x-forwarded-for"":""69.14.151.158"",""x-forwarded-proto"":""https"",""x-forwarded-port"":""443"",""via"":""1.1 vegur"",""connect-time"":""1"",""x-request-start"":""1571716602984"",""total-route-time"":""0""},""rawHeaders"":[""Host"",""usatt-server.herokuapp.com"",""Connection"",""close"",""User-Agent"",""Dalvik/2.1.0 (Linux; U; Android 6.0.1; SM-G900P Build/MMB29M)"",""Accept-Encoding"",""gzip"",""X-Request-Id"",""0fc1dabb-f1c6-4b84-9da5-9770ed86f4e6"",""X-Forwarded-For"",""69.14.151.158"",""X-Forwarded-Proto"",""https"",""X-Forwarded-Port"",""443"",""Via"",""1.1 vegur"",""Connect-Time"",""1"",""X-Request-Start"",""1571716602984"",""Total-Route-Time"",""0""],""trailers"":{},""rawTrailers"":[],""aborted"":false,""upgrade"":false,""url"":""/circuits"",""method"":""GET"",""statusCode"":null,""statusMessage"":null,""_consuming"":false,""_dumped"":false,""baseUrl"":"""",""originalUrl"":""/circuits"",""_parsedUrl"":{""protocol"":null,""slashes"":null,""auth"":null,""host"":null,""port"":null,""hostname"":null,""hash"":null,""search"":null,""query"":null,""pathname"":""/circuits"",""path"":""/circuits"",""href"":""/circuits"",""_raw"":""/circuits""},""params"":{},""query"":{},""body"":{},""route"":{""path"":""/circuits"",""stack"":[{""name"":""<anonymous>"",""keys"":[],""regexp"":{""fast_star"":false,""fast_slash"":false},""method"":""get""}],""methods"":{""get"":true}}}",2019-10-22 03:56:43.753945,ReferenceError,__circuits is not defined,"ReferenceError: __circuits is not defined
    at get_circuits (/app/server/users.js:271:26)
    at attemptAsync (/app/server/server.js:63:22)
    at handleRequest (/app/server/server.js:91:28)
    at app.get (/app/server/server.js:175:42)
    at Layer.handle [as handle_request] (/app/node_modules/express/lib/router/layer.js:95:5)
    at next (/app/node_modules/express/lib/router/route.js:137:13)
    at Route.dispatch (/app/node_modules/express/lib/router/route.js:112:3)
    at Layer.handle [as handle_request] (/app/node_modules/express/lib/router/layer.js:95:5)
    at /app/node_modules/express/lib/router/index.js:281:22
    at Function.process_params (/app/node_modules/express/lib/router/index.js:335:12)"
5,"{""_readableState"":{""objectMode"":false,""highWaterMark"":16384,""buffer"":{""head"":null,""tail"":null,""length"":0},""length"":0,""pipes"":null,""pipesCount"":0,""flowing"":true,""ended"":true,""endEmitted"":true,""reading"":false,""sync"":false,""needReadable"":false,""emittedReadable"":false,""readableListening"":false,""resumeScheduled"":false,""paused"":false,""emitClose"":true,""autoDestroy"":false,""destroyed"":false,""defaultEncoding"":""utf8"",""awaitDrain"":0,""readingMore"":false,""decoder"":null,""encoding"":null},""readable"":false,""_events"":{},""_eventsCount"":1,""socket"":{""connecting"":false,""_hadError"":false,""_handle"":{""reading"":true,""onconnection"":null,""_consumed"":true},""_parent"":null,""_host"":null,""_readableState"":{""objectMode"":false,""highWaterMark"":16384,""buffer"":{""head"":null,""tail"":null,""length"":0},""length"":0,""pipes"":null,""pipesCount"":0,""flowing"":true,""ended"":false,""endEmitted"":false,""reading"":true,""sync"":false,""needReadable"":true,""emittedReadable"":false,""readableListening"":false,""resumeScheduled"":false,""paused"":false,""emitClose"":false,""autoDestroy"":false,""destroyed"":false,""defaultEncoding"":""utf8"",""awaitDrain"":0,""readingMore"":false,""decoder"":null,""encoding"":null},""readable"":true,""_events"":{""end"":[null,null],""drain"":[null,null],""close"":[null,null]},""_eventsCount"":8,""_writableState"":{""objectMode"":false,""highWaterMark"":16384,""finalCalled"":false,""needDrain"":false,""ending"":false,""ended"":false,""finished"":false,""destroyed"":false,""decodeStrings"":false,""defaultEncoding"":""utf8"",""length"":0,""writing"":false,""corked"":0,""sync"":true,""bufferProcessing"":false,""writecb"":null,""writelen"":0,""bufferedRequest"":null,""lastBufferedRequest"":null,""pendingcb"":0,""prefinished"":false,""errorEmitted"":false,""emitClose"":false,""autoDestroy"":false,""bufferedRequestCount"":0,""corkedRequestsFree"":{""next"":null,""entry"":null}},""writable"":true,""allowHalfOpen"":true,""_sockname"":null,""_pendingData"":null,""_pendingEncoding"":"""",""server"":{""_events"":{},""_eventsCount"":2,""_connections"":1,""_handle"":{""reading"":false,""onread"":null},""_usingWorkers"":false,""_workers"":[],""_unref"":false,""allowHalfOpen"":true,""pauseOnConnect"":false,""httpAllowHalfOpen"":false,""timeout"":120000,""keepAliveTimeout"":5000,""maxHeadersCount"":null,""headersTimeout"":40000,""_connectionKey"":""6::::52237""},""timeout"":120000,""parser"":{""_headers"":[],""_url"":"""",""outgoing"":null,""maxHeaderPairs"":2000,""_consumed"":true,""parsingHeadersStart"":1571789851596},""_paused"":false,""_httpMessage"":{""_events"":{},""_eventsCount"":1,""output"":[],""outputEncodings"":[],""outputCallbacks"":[],""outputSize"":0,""writable"":true,""_last"":false,""chunkedEncoding"":false,""shouldKeepAlive"":false,""useChunkedEncodingByDefault"":true,""sendDate"":true,""_removedConnection"":false,""_removedContLen"":false,""_removedTE"":false,""_contentLength"":null,""_hasBody"":true,""_trailer"":"""",""finished"":false,""_headerSent"":false,""_header"":null,""_sent100"":false,""_expect_continue"":false,""locals"":{}}},""httpVersionMajor"":1,""httpVersionMinor"":1,""httpVersion"":""1.1"",""complete"":true,""headers"":{""host"":""usatt-server.herokuapp.com"",""connection"":""close"",""content-type"":""application/x-www-form-urlencoded"",""authorization"":""Bearer e131f6d734ac6a36726a8e86153360f67bffa95db2a8c5474ed4e68a9bb152f848ffd86798e6af4af48b813f6df06f519b3a81b4335199a34f43acbdf08c5123346e29e7b18f099a5019fb5c18b2c78c38b3dcf12604ff0afa5b64f5d701934a412a730b6488be542ea67a9b3453927236954f4c8b322d3f48620eb2481751132238cd0e60ec5619c35fa056962743af7d7b0797867776635702de7ddd7149595b6420c3dad8190a0250ff8ff322f1e6b95e137c64f1a0969817d7fe3cda2633f24c65e815930f9b2b7157"",""user-agent"":""PostmanRuntime/7.18.0"",""accept"":""*/*"",""cache-control"":""no-cache"",""postman-token"":""8f1fe59f-a5b3-43a7-9682-4c630acb1d1f"",""accept-encoding"":""gzip, deflate"",""x-request-id"":""f6c1026c-2ad4-4a0f-9227-7b30a9754edd"",""x-forwarded-for"":""69.14.151.158"",""x-forwarded-proto"":""https"",""x-forwarded-port"":""443"",""via"":""1.1 vegur"",""connect-time"":""0"",""x-request-start"":""1571789851593"",""total-route-time"":""0"",""content-length"":""89""},""rawHeaders"":[""Host"",""usatt-server.herokuapp.com"",""Connection"",""close"",""Content-Type"",""application/x-www-form-urlencoded"",""Authorization"",""Bearer e131f6d734ac6a36726a8e86153360f67bffa95db2a8c5474ed4e68a9bb152f848ffd86798e6af4af48b813f6df06f519b3a81b4335199a34f43acbdf08c5123346e29e7b18f099a5019fb5c18b2c78c38b3dcf12604ff0afa5b64f5d701934a412a730b6488be542ea67a9b3453927236954f4c8b322d3f48620eb2481751132238cd0e60ec5619c35fa056962743af7d7b0797867776635702de7ddd7149595b6420c3dad8190a0250ff8ff322f1e6b95e137c64f1a0969817d7fe3cda2633f24c65e815930f9b2b7157"",""User-Agent"",""PostmanRuntime/7.18.0"",""Accept"",""*/*"",""Cache-Control"",""no-cache"",""Postman-Token"",""8f1fe59f-a5b3-43a7-9682-4c630acb1d1f"",""Accept-Encoding"",""gzip, deflate"",""X-Request-Id"",""f6c1026c-2ad4-4a0f-9227-7b30a9754edd"",""X-Forwarded-For"",""69.14.151.158"",""X-Forwarded-Proto"",""https"",""X-Forwarded-Port"",""443"",""Via"",""1.1 vegur"",""Connect-Time"",""0"",""X-Request-Start"",""1571789851593"",""Total-Route-Time"",""0"",""Content-Length"",""89""],""trailers"":{},""rawTrailers"":[],""aborted"":false,""upgrade"":false,""url"":""/games"",""method"":""POST"",""statusCode"":null,""statusMessage"":null,""_consuming"":true,""_dumped"":false,""baseUrl"":"""",""originalUrl"":""/games"",""_parsedUrl"":{""protocol"":null,""slashes"":null,""auth"":null,""host"":null,""port"":null,""hostname"":null,""hash"":null,""search"":null,""query"":null,""pathname"":""/games"",""path"":""/games"",""href"":""/games"",""_raw"":""/games""},""params"":{},""query"":{},""body"":{""player1"":""sdeshmu2"",""player2"":""aahir"",""player3"":""dvasamse"",""player4"":""hmiriyam"",""circuit_id"":""5"",""result"":""1211""},""_body"":true,""route"":{""path"":""/games"",""stack"":[{""name"":""<anonymous>"",""keys"":[],""regexp"":{""fast_star"":false,""fast_slash"":false},""method"":""post""}],""methods"":{""post"":true}}}",2019-10-23 00:17:31.853547,ReferenceError,cronjobs is not defined,"ReferenceError: cronjobs is not defined
    at create_games (/app/server/users.js:189:23)
    at process._tickCallback (internal/process/next_tick.js:68:7)"
6,"{""_readableState"":{""objectMode"":false,""highWaterMark"":16384,""buffer"":{""head"":null,""tail"":null,""length"":0},""length"":0,""pipes"":null,""pipesCount"":0,""flowing"":true,""ended"":true,""endEmitted"":true,""reading"":false,""sync"":false,""needReadable"":false,""emittedReadable"":false,""readableListening"":false,""resumeScheduled"":false,""paused"":false,""emitClose"":true,""autoDestroy"":false,""destroyed"":false,""defaultEncoding"":""utf8"",""awaitDrain"":0,""readingMore"":false,""decoder"":null,""encoding"":null},""readable"":false,""_events"":{},""_eventsCount"":1,""socket"":{""connecting"":false,""_hadError"":false,""_handle"":{""reading"":true,""onconnection"":null,""_consumed"":true},""_parent"":null,""_host"":null,""_readableState"":{""objectMode"":false,""highWaterMark"":16384,""buffer"":{""head"":null,""tail"":null,""length"":0},""length"":0,""pipes"":null,""pipesCount"":0,""flowing"":true,""ended"":false,""endEmitted"":false,""reading"":true,""sync"":false,""needReadable"":true,""emittedReadable"":false,""readableListening"":false,""resumeScheduled"":false,""paused"":false,""emitClose"":false,""autoDestroy"":false,""destroyed"":false,""defaultEncoding"":""utf8"",""awaitDrain"":0,""readingMore"":false,""decoder"":null,""encoding"":null},""readable"":true,""_events"":{""end"":[null,null],""drain"":[null,null],""close"":[null,null]},""_eventsCount"":8,""_writableState"":{""objectMode"":false,""highWaterMark"":16384,""finalCalled"":false,""needDrain"":false,""ending"":false,""ended"":false,""finished"":false,""destroyed"":false,""decodeStrings"":false,""defaultEncoding"":""utf8"",""length"":0,""writing"":false,""corked"":0,""sync"":true,""bufferProcessing"":false,""writecb"":null,""writelen"":0,""bufferedRequest"":null,""lastBufferedRequest"":null,""pendingcb"":0,""prefinished"":false,""errorEmitted"":false,""emitClose"":false,""autoDestroy"":false,""bufferedRequestCount"":0,""corkedRequestsFree"":{""next"":null,""entry"":null}},""writable"":true,""allowHalfOpen"":true,""_sockname"":null,""_pendingData"":null,""_pendingEncoding"":"""",""server"":{""_events"":{},""_eventsCount"":2,""_connections"":1,""_handle"":{""reading"":false,""onread"":null},""_usingWorkers"":false,""_workers"":[],""_unref"":false,""allowHalfOpen"":true,""pauseOnConnect"":false,""httpAllowHalfOpen"":false,""timeout"":120000,""keepAliveTimeout"":5000,""maxHeadersCount"":null,""headersTimeout"":40000,""_connectionKey"":""6::::47310""},""timeout"":120000,""parser"":{""_headers"":[],""_url"":"""",""outgoing"":null,""maxHeaderPairs"":2000,""_consumed"":true,""parsingHeadersStart"":1571858964506},""_paused"":false,""_httpMessage"":{""_events"":{},""_eventsCount"":1,""output"":[],""outputEncodings"":[],""outputCallbacks"":[],""outputSize"":0,""writable"":true,""_last"":false,""chunkedEncoding"":false,""shouldKeepAlive"":false,""useChunkedEncodingByDefault"":true,""sendDate"":true,""_removedConnection"":false,""_removedContLen"":false,""_removedTE"":false,""_contentLength"":null,""_hasBody"":true,""_trailer"":"""",""finished"":false,""_headerSent"":false,""_header"":null,""_sent100"":false,""_expect_continue"":false,""locals"":{}}},""httpVersionMajor"":1,""httpVersionMinor"":1,""httpVersion"":""1.1"",""complete"":true,""headers"":{""host"":""usatt-server.herokuapp.com"",""connection"":""close"",""user-agent"":""curl/7.54.0"",""accept"":""*/*"",""content-type"":""application/json"",""authorization"":""Bearer 18142be6dd419cf0569d38cb2d484af6d2652233ef51d31831373e211b72b665143dcf404ac9fc26369fd98b85a7b8cb06648d44887fcc85edece0e6d58ee5aa7e39f2358d751e406d778e52191e9f9b24365467888a1cf99990570a54f6945547ae704f02c5c717f43226b9eacf751468408c148b007467bdc0ecf9463260bc0b15d6220eef8b71f475d9fdac6254cd0f195c2c13f6249094a412040edaa1c5e3222a18c2a1966b6d8a10a1b33b02af748e4dd95cb98446b7c21f8d7f96f31b9a3dcbd84ce21b8fa2d2bc"",""x-request-id"":""187ae8ee-eb96-4e38-a38a-268bb645290b"",""x-forwarded-for"":""136.1.1.160"",""x-forwarded-proto"":""https"",""x-forwarded-port"":""443"",""via"":""1.1 vegur"",""connect-time"":""0"",""x-request-start"":""1571858964500"",""total-route-time"":""0"",""content-length"":""83""},""rawHeaders"":[""Host"",""usatt-server.herokuapp.com"",""Connection"",""close"",""User-Agent"",""curl/7.54.0"",""Accept"",""*/*"",""Content-Type"",""application/json"",""Authorization"",""Bearer 18142be6dd419cf0569d38cb2d484af6d2652233ef51d31831373e211b72b665143dcf404ac9fc26369fd98b85a7b8cb06648d44887fcc85edece0e6d58ee5aa7e39f2358d751e406d778e52191e9f9b24365467888a1cf99990570a54f6945547ae704f02c5c717f43226b9eacf751468408c148b007467bdc0ecf9463260bc0b15d6220eef8b71f475d9fdac6254cd0f195c2c13f6249094a412040edaa1c5e3222a18c2a1966b6d8a10a1b33b02af748e4dd95cb98446b7c21f8d7f96f31b9a3dcbd84ce21b8fa2d2bc"",""X-Request-Id"",""187ae8ee-eb96-4e38-a38a-268bb645290b"",""X-Forwarded-For"",""136.1.1.160"",""X-Forwarded-Proto"",""https"",""X-Forwarded-Port"",""443"",""Via"",""1.1 vegur"",""Connect-Time"",""0"",""X-Request-Start"",""1571858964500"",""Total-Route-Time"",""0"",""Content-Length"",""83""],""trailers"":{},""rawTrailers"":[],""aborted"":false,""upgrade"":false,""url"":""/games"",""method"":""POST"",""statusCode"":null,""statusMessage"":null,""_consuming"":true,""_dumped"":false,""baseUrl"":"""",""originalUrl"":""/games"",""_parsedUrl"":{""protocol"":null,""slashes"":null,""auth"":null,""host"":null,""port"":null,""hostname"":null,""hash"":null,""search"":null,""query"":null,""pathname"":""/games"",""path"":""/games"",""href"":""/games"",""_raw"":""/games""},""params"":{},""query"":{},""body"":{""player1"":""kk"",""player2"":""kk"",""circuit_id"":""kk"",""result"":""kk""},""_body"":true,""route"":{""path"":""/games"",""stack"":[{""name"":""<anonymous>"",""keys"":[],""regexp"":{""fast_star"":false,""fast_slash"":false},""method"":""post""}],""methods"":{""post"":true}}}",2019-10-23 19:29:24.917663,TypeError,Cannot read property 'class' of undefined,"TypeError: Cannot read property 'class' of undefined
    at create_games (/app/server/users.js:201:21)
    at process._tickCallback (internal/process/next_tick.js:68:7)"
7,"{""_readableState"":{""objectMode"":false,""highWaterMark"":16384,""buffer"":{""head"":null,""tail"":null,""length"":0},""length"":0,""pipes"":null,""pipesCount"":0,""flowing"":true,""ended"":true,""endEmitted"":true,""reading"":false,""sync"":false,""needReadable"":false,""emittedReadable"":false,""readableListening"":false,""resumeScheduled"":false,""paused"":false,""emitClose"":true,""autoDestroy"":false,""destroyed"":false,""defaultEncoding"":""utf8"",""awaitDrain"":0,""readingMore"":false,""decoder"":null,""encoding"":null},""readable"":false,""_events"":{},""_eventsCount"":1,""socket"":{""connecting"":false,""_hadError"":false,""_parent"":null,""_host"":null,""_readableState"":{""objectMode"":false,""highWaterMark"":16384,""buffer"":{""head"":null,""tail"":null,""length"":0},""length"":0,""pipes"":null,""pipesCount"":0,""flowing"":true,""ended"":false,""endEmitted"":false,""reading"":true,""sync"":false,""needReadable"":true,""emittedReadable"":false,""readableListening"":false,""resumeScheduled"":false,""paused"":false,""emitClose"":false,""autoDestroy"":false,""destroyed"":false,""defaultEncoding"":""utf8"",""awaitDrain"":0,""readingMore"":false,""decoder"":null,""encoding"":null},""readable"":true,""_events"":{""end"":[null,null],""close"":[null,null]},""_eventsCount"":8,""_writableState"":{""objectMode"":false,""highWaterMark"":16384,""finalCalled"":false,""needDrain"":false,""ending"":false,""ended"":false,""finished"":false,""destroyed"":false,""decodeStrings"":false,""defaultEncoding"":""utf8"",""length"":0,""writing"":false,""corked"":0,""sync"":true,""bufferProcessing"":false,""writecb"":null,""writelen"":0,""bufferedRequest"":null,""lastBufferedRequest"":null,""pendingcb"":0,""prefinished"":false,""errorEmitted"":false,""emitClose"":false,""autoDestroy"":false,""bufferedRequestCount"":0,""corkedRequestsFree"":{""next"":null,""entry"":null}},""writable"":true,""allowHalfOpen"":true,""_sockname"":null,""_pendingData"":null,""_pendingEncoding"":"""",""server"":{""_events"":{},""_eventsCount"":2,""_connections"":1,""_handle"":{""reading"":false},""_usingWorkers"":false,""_workers"":[],""_unref"":false,""allowHalfOpen"":true,""pauseOnConnect"":false,""httpAllowHalfOpen"":false,""timeout"":120000,""keepAliveTimeout"":5000,""maxHeadersCount"":null,""headersTimeout"":40000,""_connectionKey"":""6::::18261""},""timeout"":120000,""parser"":{""_headers"":[],""_url"":"""",""outgoing"":null,""maxHeaderPairs"":2000,""_consumed"":true,""parsingHeadersStart"":1572106393628},""_paused"":false,""_httpMessage"":{""_events"":{},""_eventsCount"":1,""outputData"":[],""outputSize"":0,""writable"":true,""_last"":false,""chunkedEncoding"":false,""shouldKeepAlive"":false,""useChunkedEncodingByDefault"":true,""sendDate"":true,""_removedConnection"":false,""_removedContLen"":false,""_removedTE"":false,""_contentLength"":null,""_hasBody"":true,""_trailer"":"""",""finished"":false,""_headerSent"":false,""_header"":null,""_sent100"":false,""_expect_continue"":false,""locals"":{}}},""httpVersionMajor"":1,""httpVersionMinor"":1,""httpVersion"":""1.1"",""complete"":true,""headers"":{""host"":""usatt-server.herokuapp.com"",""connection"":""close"",""user-agent"":""Slackbot 1.0 (+https://api.slack.com/robots)"",""accept-encoding"":""gzip,deflate"",""accept"":""application/json,*/*"",""x-slack-signature"":""v0=4500bfe293182beb437cc120cd225d21355992d356dd1f536e60c0da42b0f1a2"",""x-slack-request-timestamp"":""1572106393"",""content-type"":""application/x-www-form-urlencoded"",""x-request-id"":""df0a3855-e266-4954-a428-8677823e4aee"",""x-forwarded-for"":""3.82.243.36"",""x-forwarded-proto"":""https"",""x-forwarded-port"":""443"",""via"":""1.1 vegur"",""connect-time"":""1"",""x-request-start"":""1572106393623"",""total-route-time"":""0"",""content-length"":""402""},""rawHeaders"":[""Host"",""usatt-server.herokuapp.com"",""Connection"",""close"",""User-Agent"",""Slackbot 1.0 (+https://api.slack.com/robots)"",""Accept-Encoding"",""gzip,deflate"",""Accept"",""application/json,*/*"",""X-Slack-Signature"",""v0=4500bfe293182beb437cc120cd225d21355992d356dd1f536e60c0da42b0f1a2"",""X-Slack-Request-Timestamp"",""1572106393"",""Content-Type"",""application/x-www-form-urlencoded"",""X-Request-Id"",""df0a3855-e266-4954-a428-8677823e4aee"",""X-Forwarded-For"",""3.82.243.36"",""X-Forwarded-Proto"",""https"",""X-Forwarded-Port"",""443"",""Via"",""1.1 vegur"",""Connect-Time"",""1"",""X-Request-Start"",""1572106393623"",""Total-Route-Time"",""0"",""Content-Length"",""402""],""trailers"":{},""rawTrailers"":[],""aborted"":false,""upgrade"":false,""url"":""/slack/circuits"",""method"":""POST"",""statusCode"":null,""statusMessage"":null,""_consuming"":true,""_dumped"":false,""baseUrl"":"""",""originalUrl"":""/slack/circuits"",""_parsedUrl"":{""protocol"":null,""slashes"":null,""auth"":null,""host"":null,""port"":null,""hostname"":null,""hash"":null,""search"":null,""query"":null,""pathname"":""/slack/circuits"",""path"":""/slack/circuits"",""href"":""/slack/circuits"",""_raw"":""/slack/circuits""},""params"":{},""query"":{},""body"":{""token"":""weuQ3Jf95B5hPT4Gnx66crHM"",""team_id"":""T6DVAP7E1"",""team_domain"":""ford-mat"",""channel_id"":""DPC8FE9M2"",""channel_name"":""directmessage"",""user_id"":""WEYT2U78B"",""user_name"":""sjaroch"",""command"":""/circuits"",""text"":"""",""enterprise_id"":""E56ARKB1Q"",""enterprise_name"":""Ford"",""response_url"":""https://hooks.slack.com/commands/T6DVAP7E1/812339675111/bozqGCXAvA7BByWOs0z8hvlM"",""trigger_id"":""812339675143.217996789477.0cb60c8fac52bf21c5e6cb602b551d7d""},""_body"":true,""route"":{""path"":""/slack/circuits"",""stack"":[{""name"":""<anonymous>"",""keys"":[],""regexp"":{""fast_star"":false,""fast_slash"":false},""method"":""post""}],""methods"":{""post"":true}}}",2019-10-26 16:13:13.690319,"","",""
8,"{""_readableState"":{""objectMode"":false,""highWaterMark"":16384,""buffer"":{""head"":null,""tail"":null,""length"":0},""length"":0,""pipes"":null,""pipesCount"":0,""flowing"":true,""ended"":true,""endEmitted"":true,""reading"":false,""sync"":false,""needReadable"":false,""emittedReadable"":false,""readableListening"":false,""resumeScheduled"":false,""paused"":false,""emitClose"":true,""autoDestroy"":false,""destroyed"":false,""defaultEncoding"":""utf8"",""awaitDrain"":0,""readingMore"":false,""decoder"":null,""encoding"":null},""readable"":false,""_events"":{},""_eventsCount"":1,""socket"":{""connecting"":false,""_hadError"":false,""_parent"":null,""_host"":null,""_readableState"":{""objectMode"":false,""highWaterMark"":16384,""buffer"":{""head"":null,""tail"":null,""length"":0},""length"":0,""pipes"":null,""pipesCount"":0,""flowing"":true,""ended"":false,""endEmitted"":false,""reading"":true,""sync"":false,""needReadable"":true,""emittedReadable"":false,""readableListening"":false,""resumeScheduled"":false,""paused"":false,""emitClose"":false,""autoDestroy"":false,""destroyed"":false,""defaultEncoding"":""utf8"",""awaitDrain"":0,""readingMore"":false,""decoder"":null,""encoding"":null},""readable"":true,""_events"":{""end"":[null,null],""close"":[null,null]},""_eventsCount"":8,""_writableState"":{""objectMode"":false,""highWaterMark"":16384,""finalCalled"":false,""needDrain"":false,""ending"":false,""ended"":false,""finished"":false,""destroyed"":false,""decodeStrings"":false,""defaultEncoding"":""utf8"",""length"":0,""writing"":false,""corked"":0,""sync"":true,""bufferProcessing"":false,""writecb"":null,""writelen"":0,""bufferedRequest"":null,""lastBufferedRequest"":null,""pendingcb"":0,""prefinished"":false,""errorEmitted"":false,""emitClose"":false,""autoDestroy"":false,""bufferedRequestCount"":0,""corkedRequestsFree"":{""next"":null,""entry"":null}},""writable"":true,""allowHalfOpen"":true,""_sockname"":null,""_pendingData"":null,""_pendingEncoding"":"""",""server"":{""_events"":{},""_eventsCount"":2,""_connections"":1,""_handle"":{""reading"":false},""_usingWorkers"":false,""_workers"":[],""_unref"":false,""allowHalfOpen"":true,""pauseOnConnect"":false,""httpAllowHalfOpen"":false,""timeout"":120000,""keepAliveTimeout"":5000,""maxHeadersCount"":null,""headersTimeout"":40000,""_connectionKey"":""6::::50061""},""timeout"":120000,""parser"":{""_headers"":[],""_url"":"""",""outgoing"":null,""maxHeaderPairs"":2000,""_consumed"":true,""parsingHeadersStart"":1572113552501},""_paused"":false,""_httpMessage"":{""_events"":{},""_eventsCount"":1,""outputData"":[],""outputSize"":0,""writable"":true,""_last"":false,""chunkedEncoding"":false,""shouldKeepAlive"":false,""useChunkedEncodingByDefault"":true,""sendDate"":true,""_removedConnection"":false,""_removedContLen"":false,""_removedTE"":false,""_contentLength"":null,""_hasBody"":true,""_trailer"":"""",""finished"":false,""_headerSent"":false,""_header"":null,""_sent100"":false,""_expect_continue"":false,""locals"":{}}},""httpVersionMajor"":1,""httpVersionMinor"":1,""httpVersion"":""1.1"",""complete"":true,""headers"":{""host"":""usatt-server.herokuapp.com"",""connection"":""close"",""user-agent"":""Slackbot 1.0 (+https://api.slack.com/robots)"",""accept-encoding"":""gzip,deflate"",""accept"":""application/json,*/*"",""x-slack-signature"":""v0=dbe3b962d527214e92da702ee1657ae7ef70d84341b1acb13d6cbb033691026c"",""x-slack-request-timestamp"":""1572113552"",""content-type"":""application/x-www-form-urlencoded"",""x-request-id"":""524818a1-6422-4a3e-b33c-5e843bbf03f1"",""x-forwarded-for"":""18.212.226.80"",""x-forwarded-proto"":""https"",""x-forwarded-port"":""443"",""via"":""1.1 vegur"",""connect-time"":""1"",""x-request-start"":""1572113552498"",""total-route-time"":""0"",""content-length"":""398""},""rawHeaders"":[""Host"",""usatt-server.herokuapp.com"",""Connection"",""close"",""User-Agent"",""Slackbot 1.0 (+https://api.slack.com/robots)"",""Accept-Encoding"",""gzip,deflate"",""Accept"",""application/json,*/*"",""X-Slack-Signature"",""v0=dbe3b962d527214e92da702ee1657ae7ef70d84341b1acb13d6cbb033691026c"",""X-Slack-Request-Timestamp"",""1572113552"",""Content-Type"",""application/x-www-form-urlencoded"",""X-Request-Id"",""524818a1-6422-4a3e-b33c-5e843bbf03f1"",""X-Forwarded-For"",""18.212.226.80"",""X-Forwarded-Proto"",""https"",""X-Forwarded-Port"",""443"",""Via"",""1.1 vegur"",""Connect-Time"",""1"",""X-Request-Start"",""1572113552498"",""Total-Route-Time"",""0"",""Content-Length"",""398""],""trailers"":{},""rawTrailers"":[],""aborted"":false,""upgrade"":false,""url"":""/slack/circuits"",""method"":""POST"",""statusCode"":null,""statusMessage"":null,""_consuming"":true,""_dumped"":false,""baseUrl"":"""",""originalUrl"":""/slack/circuits"",""_parsedUrl"":{""protocol"":null,""slashes"":null,""auth"":null,""host"":null,""port"":null,""hostname"":null,""hash"":null,""search"":null,""query"":null,""pathname"":""/slack/circuits"",""path"":""/slack/circuits"",""href"":""/slack/circuits"",""_raw"":""/slack/circuits""},""params"":{},""query"":{},""body"":{""token"":""weuQ3Jf95B5hPT4Gnx66crHM"",""team_id"":""T6DVAP7E1"",""team_domain"":""ford-mat"",""channel_id"":""CNM1SUFGT"",""channel_name"":""ping-pong"",""user_id"":""WEYT2U78B"",""user_name"":""sjaroch"",""command"":""/circuits"",""text"":"""",""enterprise_id"":""E56ARKB1Q"",""enterprise_name"":""Ford"",""response_url"":""https://hooks.slack.com/commands/T6DVAP7E1/799053450323/B6FsQBw7UhQQKpAzkY99wWsJ"",""trigger_id"":""812380878423.217996789477.dde7b8e5f88b7b06c4b946d09c355e92""},""_body"":true,""route"":{""path"":""/slack/circuits"",""stack"":[{""name"":""<anonymous>"",""keys"":[],""regexp"":{""fast_star"":false,""fast_slash"":false},""method"":""post""}],""methods"":{""post"":true}}}",2019-10-26 18:12:32.564188,"","",""
9,"{""_readableState"":{""objectMode"":false,""highWaterMark"":16384,""buffer"":{""head"":null,""tail"":null,""length"":0},""length"":0,""pipes"":null,""pipesCount"":0,""flowing"":true,""ended"":true,""endEmitted"":true,""reading"":false,""sync"":false,""needReadable"":false,""emittedReadable"":false,""readableListening"":false,""resumeScheduled"":false,""paused"":false,""emitClose"":true,""autoDestroy"":false,""destroyed"":false,""defaultEncoding"":""utf8"",""awaitDrain"":0,""readingMore"":false,""decoder"":null,""encoding"":null},""readable"":false,""_events"":{},""_eventsCount"":1,""socket"":{""connecting"":false,""_hadError"":false,""_parent"":null,""_host"":null,""_readableState"":{""objectMode"":false,""highWaterMark"":16384,""buffer"":{""head"":null,""tail"":null,""length"":0},""length"":0,""pipes"":null,""pipesCount"":0,""flowing"":true,""ended"":false,""endEmitted"":false,""reading"":true,""sync"":false,""needReadable"":true,""emittedReadable"":false,""readableListening"":false,""resumeScheduled"":false,""paused"":false,""emitClose"":false,""autoDestroy"":false,""destroyed"":false,""defaultEncoding"":""utf8"",""awaitDrain"":0,""readingMore"":false,""decoder"":null,""encoding"":null},""readable"":true,""_events"":{""end"":[null,null],""close"":[null,null]},""_eventsCount"":8,""_writableState"":{""objectMode"":false,""highWaterMark"":16384,""finalCalled"":false,""needDrain"":false,""ending"":false,""ended"":false,""finished"":false,""destroyed"":false,""decodeStrings"":false,""defaultEncoding"":""utf8"",""length"":0,""writing"":false,""corked"":0,""sync"":true,""bufferProcessing"":false,""writecb"":null,""writelen"":0,""bufferedRequest"":null,""lastBufferedRequest"":null,""pendingcb"":0,""prefinished"":false,""errorEmitted"":false,""emitClose"":false,""autoDestroy"":false,""bufferedRequestCount"":0,""corkedRequestsFree"":{""next"":null,""entry"":null}},""writable"":true,""allowHalfOpen"":true,""_sockname"":null,""_pendingData"":null,""_pendingEncoding"":"""",""server"":{""_events"":{},""_eventsCount"":2,""_connections"":1,""_handle"":{""reading"":false},""_usingWorkers"":false,""_workers"":[],""_unref"":false,""allowHalfOpen"":true,""pauseOnConnect"":false,""httpAllowHalfOpen"":false,""timeout"":120000,""keepAliveTimeout"":5000,""maxHeadersCount"":null,""headersTimeout"":40000,""_connectionKey"":""6::::50061""},""timeout"":120000,""parser"":{""_headers"":[],""_url"":"""",""outgoing"":null,""maxHeaderPairs"":2000,""_consumed"":true,""parsingHeadersStart"":1572113552501},""_paused"":false,""_httpMessage"":{""_events"":{},""_eventsCount"":1,""outputData"":[],""outputSize"":0,""writable"":true,""_last"":false,""chunkedEncoding"":false,""shouldKeepAlive"":false,""useChunkedEncodingByDefault"":true,""sendDate"":true,""_removedConnection"":false,""_removedContLen"":false,""_removedTE"":false,""_contentLength"":null,""_hasBody"":true,""_trailer"":"""",""finished"":false,""_headerSent"":false,""_header"":null,""_sent100"":false,""_expect_continue"":false,""locals"":{}}},""httpVersionMajor"":1,""httpVersionMinor"":1,""httpVersion"":""1.1"",""complete"":true,""headers"":{""host"":""usatt-server.herokuapp.com"",""connection"":""close"",""user-agent"":""Slackbot 1.0 (+https://api.slack.com/robots)"",""accept-encoding"":""gzip,deflate"",""accept"":""application/json,*/*"",""x-slack-signature"":""v0=c892334257550a49f6fe5f3129240d89864ec96919e7c1b27356bfc3c183db5c"",""x-slack-request-timestamp"":""1572113548"",""content-type"":""application/x-www-form-urlencoded"",""x-request-id"":""1abb082c-1d97-44e4-9c4c-7446fbdbf8a7"",""x-forwarded-for"":""18.212.226.80"",""x-forwarded-proto"":""https"",""x-forwarded-port"":""443"",""via"":""1.1 vegur"",""connect-time"":""1"",""x-request-start"":""1572113548766"",""total-route-time"":""4004"",""content-length"":""398""},""rawHeaders"":[""Host"",""usatt-server.herokuapp.com"",""Connection"",""close"",""User-Agent"",""Slackbot 1.0 (+https://api.slack.com/robots)"",""Accept-Encoding"",""gzip,deflate"",""Accept"",""application/json,*/*"",""X-Slack-Signature"",""v0=c892334257550a49f6fe5f3129240d89864ec96919e7c1b27356bfc3c183db5c"",""X-Slack-Request-Timestamp"",""1572113548"",""Content-Type"",""application/x-www-form-urlencoded"",""X-Request-Id"",""1abb082c-1d97-44e4-9c4c-7446fbdbf8a7"",""X-Forwarded-For"",""18.212.226.80"",""X-Forwarded-Proto"",""https"",""X-Forwarded-Port"",""443"",""Via"",""1.1 vegur"",""Connect-Time"",""1"",""X-Request-Start"",""1572113548766"",""Total-Route-Time"",""4004"",""Content-Length"",""398""],""trailers"":{},""rawTrailers"":[],""aborted"":false,""upgrade"":false,""url"":""/slack/circuits"",""method"":""POST"",""statusCode"":null,""statusMessage"":null,""_consuming"":true,""_dumped"":false,""baseUrl"":"""",""originalUrl"":""/slack/circuits"",""_parsedUrl"":{""protocol"":null,""slashes"":null,""auth"":null,""host"":null,""port"":null,""hostname"":null,""hash"":null,""search"":null,""query"":null,""pathname"":""/slack/circuits"",""path"":""/slack/circuits"",""href"":""/slack/circuits"",""_raw"":""/slack/circuits""},""params"":{},""query"":{},""body"":{""token"":""weuQ3Jf95B5hPT4Gnx66crHM"",""team_id"":""T6DVAP7E1"",""team_domain"":""ford-mat"",""channel_id"":""CNM1SUFGT"",""channel_name"":""ping-pong"",""user_id"":""WEYT2U78B"",""user_name"":""sjaroch"",""command"":""/circuits"",""text"":"""",""enterprise_id"":""E56ARKB1Q"",""enterprise_name"":""Ford"",""response_url"":""https://hooks.slack.com/commands/T6DVAP7E1/799053430483/9AaF3XO7mf1Pdw0WD6fUDKsF"",""trigger_id"":""797740598866.217996789477.7a48e28dbe54d21841d8124a72be3d25""},""_body"":true,""route"":{""path"":""/slack/circuits"",""stack"":[{""name"":""<anonymous>"",""keys"":[],""regexp"":{""fast_star"":false,""fast_slash"":false},""method"":""post""}],""methods"":{""post"":true}}}",2019-10-26 18:12:32.811353,"","",""
10,"{""_readableState"":{""objectMode"":false,""highWaterMark"":16384,""buffer"":{""head"":null,""tail"":null,""length"":0},""length"":0,""pipes"":null,""pipesCount"":0,""flowing"":true,""ended"":true,""endEmitted"":true,""reading"":false,""sync"":false,""needReadable"":false,""emittedReadable"":false,""readableListening"":false,""resumeScheduled"":false,""paused"":false,""emitClose"":true,""autoDestroy"":false,""destroyed"":false,""defaultEncoding"":""utf8"",""awaitDrain"":0,""readingMore"":false,""decoder"":null,""encoding"":null},""readable"":false,""_events"":{},""_eventsCount"":1,""socket"":{""connecting"":false,""_hadError"":false,""_parent"":null,""_host"":null,""_readableState"":{""objectMode"":false,""highWaterMark"":16384,""buffer"":{""head"":null,""tail"":null,""length"":0},""length"":0,""pipes"":null,""pipesCount"":0,""flowing"":true,""ended"":false,""endEmitted"":false,""reading"":true,""sync"":false,""needReadable"":true,""emittedReadable"":false,""readableListening"":false,""resumeScheduled"":false,""paused"":false,""emitClose"":false,""autoDestroy"":false,""destroyed"":false,""defaultEncoding"":""utf8"",""awaitDrain"":0,""readingMore"":false,""decoder"":null,""encoding"":null},""readable"":true,""_events"":{""end"":[null,null],""close"":[null,null]},""_eventsCount"":8,""_writableState"":{""objectMode"":false,""highWaterMark"":16384,""finalCalled"":false,""needDrain"":false,""ending"":false,""ended"":false,""finished"":false,""destroyed"":false,""decodeStrings"":false,""defaultEncoding"":""utf8"",""length"":0,""writing"":false,""corked"":0,""sync"":true,""bufferProcessing"":false,""writecb"":null,""writelen"":0,""bufferedRequest"":null,""lastBufferedRequest"":null,""pendingcb"":0,""prefinished"":false,""errorEmitted"":false,""emitClose"":false,""autoDestroy"":false,""bufferedRequestCount"":0,""corkedRequestsFree"":{""next"":null,""entry"":null}},""writable"":true,""allowHalfOpen"":true,""_sockname"":null,""_pendingData"":null,""_pendingEncoding"":"""",""server"":{""_events"":{},""_eventsCount"":2,""_connections"":1,""_handle"":{""reading"":false},""_usingWorkers"":false,""_workers"":[],""_unref"":false,""allowHalfOpen"":true,""pauseOnConnect"":false,""httpAllowHalfOpen"":false,""timeout"":120000,""keepAliveTimeout"":5000,""maxHeadersCount"":null,""headersTimeout"":40000,""_connectionKey"":""6::::50061""},""timeout"":120000,""parser"":{""_headers"":[],""_url"":"""",""outgoing"":null,""maxHeaderPairs"":2000,""_consumed"":true,""parsingHeadersStart"":1572113552501},""_paused"":false,""_httpMessage"":{""_events"":{},""_eventsCount"":1,""outputData"":[],""outputSize"":0,""writable"":true,""_last"":false,""chunkedEncoding"":false,""shouldKeepAlive"":false,""useChunkedEncodingByDefault"":true,""sendDate"":true,""_removedConnection"":false,""_removedContLen"":false,""_removedTE"":false,""_contentLength"":null,""_hasBody"":true,""_trailer"":"""",""finished"":false,""_headerSent"":false,""_header"":null,""_sent100"":false,""_expect_continue"":false,""locals"":{}}},""httpVersionMajor"":1,""httpVersionMinor"":1,""httpVersion"":""1.1"",""complete"":true,""headers"":{""host"":""usatt-server.herokuapp.com"",""connection"":""close"",""user-agent"":""Slackbot 1.0 (+https://api.slack.com/robots)"",""accept-encoding"":""gzip,deflate"",""accept"":""application/json,*/*"",""x-slack-signature"":""v0=b19b9dce10a0ef390a971057e85c2dfd5346e10e15a4a5c78e479770a03c3475"",""x-slack-request-timestamp"":""1572113544"",""content-type"":""application/x-www-form-urlencoded"",""x-request-id"":""5121521c-2df0-4a58-aa99-5ba0d07a5479"",""x-forwarded-for"":""3.81.1.83"",""x-forwarded-proto"":""https"",""x-forwarded-port"":""443"",""via"":""1.1 vegur"",""connect-time"":""1"",""x-request-start"":""1572113544538"",""total-route-time"":""8140"",""content-length"":""398""},""rawHeaders"":[""Host"",""usatt-server.herokuapp.com"",""Connection"",""close"",""User-Agent"",""Slackbot 1.0 (+https://api.slack.com/robots)"",""Accept-Encoding"",""gzip,deflate"",""Accept"",""application/json,*/*"",""X-Slack-Signature"",""v0=b19b9dce10a0ef390a971057e85c2dfd5346e10e15a4a5c78e479770a03c3475"",""X-Slack-Request-Timestamp"",""1572113544"",""Content-Type"",""application/x-www-form-urlencoded"",""X-Request-Id"",""5121521c-2df0-4a58-aa99-5ba0d07a5479"",""X-Forwarded-For"",""3.81.1.83"",""X-Forwarded-Proto"",""https"",""X-Forwarded-Port"",""443"",""Via"",""1.1 vegur"",""Connect-Time"",""1"",""X-Request-Start"",""1572113544538"",""Total-Route-Time"",""8140"",""Content-Length"",""398""],""trailers"":{},""rawTrailers"":[],""aborted"":false,""upgrade"":false,""url"":""/slack/circuits"",""method"":""POST"",""statusCode"":null,""statusMessage"":null,""_consuming"":true,""_dumped"":false,""baseUrl"":"""",""originalUrl"":""/slack/circuits"",""_parsedUrl"":{""protocol"":null,""slashes"":null,""auth"":null,""host"":null,""port"":null,""hostname"":null,""hash"":null,""search"":null,""query"":null,""pathname"":""/slack/circuits"",""path"":""/slack/circuits"",""href"":""/slack/circuits"",""_raw"":""/slack/circuits""},""params"":{},""query"":{},""body"":{""token"":""weuQ3Jf95B5hPT4Gnx66crHM"",""team_id"":""T6DVAP7E1"",""team_domain"":""ford-mat"",""channel_id"":""CNM1SUFGT"",""channel_name"":""ping-pong"",""user_id"":""WEYT2U78B"",""user_name"":""sjaroch"",""command"":""/circuits"",""text"":"""",""enterprise_id"":""E56ARKB1Q"",""enterprise_name"":""Ford"",""response_url"":""https://hooks.slack.com/commands/T6DVAP7E1/799053408259/achHXBOeVCGvisMAYwXzxzci"",""trigger_id"":""797740576370.217996789477.f1d5a63c81177bcdf66b5c1a8d97387f""},""_body"":true,""route"":{""path"":""/slack/circuits"",""stack"":[{""name"":""<anonymous>"",""keys"":[],""regexp"":{""fast_star"":false,""fast_slash"":false},""method"":""post""}],""methods"":{""post"":true}}}",2019-10-26 18:12:32.961504,"","",""
11,"{""_readableState"":{""objectMode"":false,""highWaterMark"":16384,""buffer"":{""head"":null,""tail"":null,""length"":0},""length"":0,""pipes"":null,""pipesCount"":0,""flowing"":true,""ended"":true,""endEmitted"":true,""reading"":false,""sync"":false,""needReadable"":false,""emittedReadable"":false,""readableListening"":false,""resumeScheduled"":false,""paused"":false,""emitClose"":true,""autoDestroy"":false,""destroyed"":false,""defaultEncoding"":""utf8"",""awaitDrain"":0,""readingMore"":false,""decoder"":null,""encoding"":null},""readable"":false,""_events"":{},""_eventsCount"":1,""socket"":{""connecting"":false,""_hadError"":false,""_parent"":null,""_host"":null,""_readableState"":{""objectMode"":false,""highWaterMark"":16384,""buffer"":{""head"":null,""tail"":null,""length"":0},""length"":0,""pipes"":null,""pipesCount"":0,""flowing"":true,""ended"":false,""endEmitted"":false,""reading"":true,""sync"":false,""needReadable"":true,""emittedReadable"":false,""readableListening"":false,""resumeScheduled"":false,""paused"":false,""emitClose"":false,""autoDestroy"":false,""destroyed"":false,""defaultEncoding"":""utf8"",""awaitDrain"":0,""readingMore"":false,""decoder"":null,""encoding"":null},""readable"":true,""_events"":{""end"":[null,null],""close"":[null,null]},""_eventsCount"":8,""_writableState"":{""objectMode"":false,""highWaterMark"":16384,""finalCalled"":false,""needDrain"":false,""ending"":false,""ended"":false,""finished"":false,""destroyed"":false,""decodeStrings"":false,""defaultEncoding"":""utf8"",""length"":0,""writing"":false,""corked"":0,""sync"":true,""bufferProcessing"":false,""writecb"":null,""writelen"":0,""bufferedRequest"":null,""lastBufferedRequest"":null,""pendingcb"":0,""prefinished"":false,""errorEmitted"":false,""emitClose"":false,""autoDestroy"":false,""bufferedRequestCount"":0,""corkedRequestsFree"":{""next"":null,""entry"":null}},""writable"":true,""allowHalfOpen"":true,""_sockname"":null,""_pendingData"":null,""_pendingEncoding"":"""",""server"":{""_events"":{},""_eventsCount"":2,""_connections"":1,""_handle"":{""reading"":false},""_usingWorkers"":false,""_workers"":[],""_unref"":false,""allowHalfOpen"":true,""pauseOnConnect"":false,""httpAllowHalfOpen"":false,""timeout"":120000,""keepAliveTimeout"":5000,""maxHeadersCount"":null,""headersTimeout"":40000,""_connectionKey"":""6::::5246""},""timeout"":120000,""parser"":{""_headers"":[],""_url"":"""",""outgoing"":null,""maxHeaderPairs"":2000,""_consumed"":true,""parsingHeadersStart"":1572116213061},""_paused"":false,""_httpMessage"":{""_events"":{},""_eventsCount"":1,""outputData"":[],""outputSize"":0,""writable"":true,""_last"":false,""chunkedEncoding"":false,""shouldKeepAlive"":false,""useChunkedEncodingByDefault"":true,""sendDate"":true,""_removedConnection"":false,""_removedContLen"":false,""_removedTE"":false,""_contentLength"":null,""_hasBody"":true,""_trailer"":"""",""finished"":false,""_headerSent"":false,""_header"":null,""_sent100"":false,""_expect_continue"":false,""locals"":{}}},""httpVersionMajor"":1,""httpVersionMinor"":1,""httpVersion"":""1.1"",""complete"":true,""headers"":{""host"":""usatt-server.herokuapp.com"",""connection"":""close"",""user-agent"":""Slackbot 1.0 (+https://api.slack.com/robots)"",""accept-encoding"":""gzip,deflate"",""accept"":""application/json,*/*"",""x-slack-signature"":""v0=b462d14d35ee59896f099b46e03bf3f367d73290bac8ece130e07d42f9ca2951"",""x-slack-request-timestamp"":""1572116213"",""content-type"":""application/x-www-form-urlencoded"",""x-request-id"":""b7ead5e5-3de9-470b-a469-1eb313563f5f"",""x-forwarded-for"":""18.212.216.181"",""x-forwarded-proto"":""https"",""x-forwarded-port"":""443"",""via"":""1.1 vegur"",""connect-time"":""1"",""x-request-start"":""1572116213059"",""total-route-time"":""0"",""content-length"":""403""},""rawHeaders"":[""Host"",""usatt-server.herokuapp.com"",""Connection"",""close"",""User-Agent"",""Slackbot 1.0 (+https://api.slack.com/robots)"",""Accept-Encoding"",""gzip,deflate"",""Accept"",""application/json,*/*"",""X-Slack-Signature"",""v0=b462d14d35ee59896f099b46e03bf3f367d73290bac8ece130e07d42f9ca2951"",""X-Slack-Request-Timestamp"",""1572116213"",""Content-Type"",""application/x-www-form-urlencoded"",""X-Request-Id"",""b7ead5e5-3de9-470b-a469-1eb313563f5f"",""X-Forwarded-For"",""18.212.216.181"",""X-Forwarded-Proto"",""https"",""X-Forwarded-Port"",""443"",""Via"",""1.1 vegur"",""Connect-Time"",""1"",""X-Request-Start"",""1572116213059"",""Total-Route-Time"",""0"",""Content-Length"",""403""],""trailers"":{},""rawTrailers"":[],""aborted"":false,""upgrade"":false,""url"":""/slack/circuits"",""method"":""POST"",""statusCode"":null,""statusMessage"":null,""_consuming"":true,""_dumped"":false,""baseUrl"":"""",""originalUrl"":""/slack/circuits"",""_parsedUrl"":{""protocol"":null,""slashes"":null,""auth"":null,""host"":null,""port"":null,""hostname"":null,""hash"":null,""search"":null,""query"":null,""pathname"":""/slack/circuits"",""path"":""/slack/circuits"",""href"":""/slack/circuits"",""_raw"":""/slack/circuits""},""params"":{},""query"":{},""body"":{""token"":""weuQ3Jf95B5hPT4Gnx66crHM"",""team_id"":""T6DVAP7E1"",""team_domain"":""ford-mat"",""channel_id"":""CPG4XE87J"",""channel_name"":""ping-pong-devs"",""user_id"":""WEYT2U78B"",""user_name"":""sjaroch"",""command"":""/circuits"",""text"":"""",""enterprise_id"":""E56ARKB1Q"",""enterprise_name"":""Ford"",""response_url"":""https://hooks.slack.com/commands/T6DVAP7E1/810538178512/DVNCK99HKNDxmVyPnKnc9nwK"",""trigger_id"":""810538178528.217996789477.db6a9a7319c2a1f6833268e414c5beac""},""_body"":true,""route"":{""path"":""/slack/circuits"",""stack"":[{""name"":""<anonymous>"",""keys"":[],""regexp"":{""fast_star"":false,""fast_slash"":false},""method"":""post""}],""methods"":{""post"":true}}}",2019-10-26 18:56:53.320013,"","",""
12,"{""_readableState"":{""objectMode"":false,""highWaterMark"":16384,""buffer"":{""head"":null,""tail"":null,""length"":0},""length"":0,""pipes"":null,""pipesCount"":0,""flowing"":true,""ended"":true,""endEmitted"":true,""reading"":false,""sync"":false,""needReadable"":false,""emittedReadable"":false,""readableListening"":false,""resumeScheduled"":false,""paused"":false,""emitClose"":true,""autoDestroy"":false,""destroyed"":false,""defaultEncoding"":""utf8"",""awaitDrain"":0,""readingMore"":false,""decoder"":null,""encoding"":null},""readable"":false,""_events"":{},""_eventsCount"":1,""socket"":{""connecting"":false,""_hadError"":false,""_parent"":null,""_host"":null,""_readableState"":{""objectMode"":false,""highWaterMark"":16384,""buffer"":{""head"":null,""tail"":null,""length"":0},""length"":0,""pipes"":null,""pipesCount"":0,""flowing"":true,""ended"":false,""endEmitted"":false,""reading"":true,""sync"":false,""needReadable"":true,""emittedReadable"":false,""readableListening"":false,""resumeScheduled"":false,""paused"":false,""emitClose"":false,""autoDestroy"":false,""destroyed"":false,""defaultEncoding"":""utf8"",""awaitDrain"":0,""readingMore"":false,""decoder"":null,""encoding"":null},""readable"":true,""_events"":{""end"":[null,null],""close"":[null,null]},""_eventsCount"":8,""_writableState"":{""objectMode"":false,""highWaterMark"":16384,""finalCalled"":false,""needDrain"":false,""ending"":false,""ended"":false,""finished"":false,""destroyed"":false,""decodeStrings"":false,""defaultEncoding"":""utf8"",""length"":0,""writing"":false,""corked"":0,""sync"":true,""bufferProcessing"":false,""writecb"":null,""writelen"":0,""bufferedRequest"":null,""lastBufferedRequest"":null,""pendingcb"":0,""prefinished"":false,""errorEmitted"":false,""emitClose"":false,""autoDestroy"":false,""bufferedRequestCount"":0,""corkedRequestsFree"":{""next"":null,""entry"":null}},""writable"":true,""allowHalfOpen"":true,""_sockname"":null,""_pendingData"":null,""_pendingEncoding"":"""",""server"":{""_events"":{},""_eventsCount"":2,""_connections"":1,""_handle"":{""reading"":false},""_usingWorkers"":false,""_workers"":[],""_unref"":false,""allowHalfOpen"":true,""pauseOnConnect"":false,""httpAllowHalfOpen"":false,""timeout"":120000,""keepAliveTimeout"":5000,""maxHeadersCount"":null,""headersTimeout"":40000,""_connectionKey"":""6::::48672""},""timeout"":120000,""parser"":{""_headers"":[],""_url"":"""",""outgoing"":null,""maxHeaderPairs"":2000,""_consumed"":true,""parsingHeadersStart"":1572122374755},""_paused"":false,""_httpMessage"":{""_events"":{},""_eventsCount"":1,""outputData"":[],""outputSize"":0,""writable"":true,""_last"":false,""chunkedEncoding"":false,""shouldKeepAlive"":false,""useChunkedEncodingByDefault"":true,""sendDate"":true,""_removedConnection"":false,""_removedContLen"":false,""_removedTE"":false,""_contentLength"":null,""_hasBody"":true,""_trailer"":"""",""finished"":false,""_headerSent"":false,""_header"":null,""_sent100"":false,""_expect_continue"":false,""locals"":{}}},""httpVersionMajor"":1,""httpVersionMinor"":1,""httpVersion"":""1.1"",""complete"":true,""headers"":{""host"":""usatt-server.herokuapp.com"",""connection"":""close"",""user-agent"":""Slackbot 1.0 (+https://api.slack.com/robots)"",""accept-encoding"":""gzip,deflate"",""accept"":""application/json,*/*"",""x-slack-signature"":""v0=2b1cc8224871ecbd4e759ea8684ddd3acb22b078d99da961e9d2fd0ebc58dbef"",""x-slack-request-timestamp"":""1572122374"",""content-type"":""application/x-www-form-urlencoded"",""x-request-id"":""96ba6b21-4812-4aa0-a885-343544fa1d74"",""x-forwarded-for"":""3.94.195.182"",""x-forwarded-proto"":""https"",""x-forwarded-port"":""443"",""via"":""1.1 vegur"",""connect-time"":""1"",""x-request-start"":""1572122374753"",""total-route-time"":""0"",""content-length"":""419""},""rawHeaders"":[""Host"",""usatt-server.herokuapp.com"",""Connection"",""close"",""User-Agent"",""Slackbot 1.0 (+https://api.slack.com/robots)"",""Accept-Encoding"",""gzip,deflate"",""Accept"",""application/json,*/*"",""X-Slack-Signature"",""v0=2b1cc8224871ecbd4e759ea8684ddd3acb22b078d99da961e9d2fd0ebc58dbef"",""X-Slack-Request-Timestamp"",""1572122374"",""Content-Type"",""application/x-www-form-urlencoded"",""X-Request-Id"",""96ba6b21-4812-4aa0-a885-343544fa1d74"",""X-Forwarded-For"",""3.94.195.182"",""X-Forwarded-Proto"",""https"",""X-Forwarded-Port"",""443"",""Via"",""1.1 vegur"",""Connect-Time"",""1"",""X-Request-Start"",""1572122374753"",""Total-Route-Time"",""0"",""Content-Length"",""419""],""trailers"":{},""rawTrailers"":[],""aborted"":false,""upgrade"":false,""url"":""/slack/games"",""method"":""POST"",""statusCode"":null,""statusMessage"":null,""_consuming"":true,""_dumped"":false,""baseUrl"":"""",""originalUrl"":""/slack/games"",""_parsedUrl"":{""protocol"":null,""slashes"":null,""auth"":null,""host"":null,""port"":null,""hostname"":null,""hash"":null,""search"":null,""query"":null,""pathname"":""/slack/games"",""path"":""/slack/games"",""href"":""/slack/games"",""_raw"":""/slack/games""},""params"":{},""query"":{},""body"":{""token"":""weuQ3Jf95B5hPT4Gnx66crHM"",""team_id"":""T6DVAP7E1"",""team_domain"":""ford-mat"",""channel_id"":""CPG4XE87J"",""channel_name"":""ping-pong-devs"",""user_id"":""WEYT2U78B"",""user_name"":""sjaroch"",""command"":""/games"",""text"":""hmriyam sjaroch 132"",""enterprise_id"":""E56ARKB1Q"",""enterprise_name"":""Ford"",""response_url"":""https://hooks.slack.com/commands/T6DVAP7E1/812779824550/AOgI9QmYKBI2HrseOnvmTJMn"",""trigger_id"":""810578584069.217996789477.ea8f5c2c6d0679bbd737c63cdcbfc0c9""},""_body"":true,""route"":{""path"":""/slack/games"",""stack"":[{""name"":""<anonymous>"",""keys"":[],""regexp"":{""fast_star"":false,""fast_slash"":false},""method"":""post""}],""methods"":{""post"":true}}}",2019-10-26 20:39:35.348581,ReferenceError,url is not defined,"ReferenceError: url is not defined
    at auth (/app/server/slack.js:53:18)
    at create_games (/app/server/slack.js:193:29)
    at attemptAsync (/app/server/server.js:62:22)
    at handleHtmlRequest (/app/server/server.js:78:28)
    at /app/server/server.js:165:46
    at Layer.handle [as handle_request] (/app/node_modules/express/lib/router/layer.js:95:5)
    at next (/app/node_modules/express/lib/router/route.js:137:13)
    at Route.dispatch (/app/node_modules/express/lib/router/route.js:112:3)
    at Layer.handle [as handle_request] (/app/node_modules/express/lib/router/layer.js:95:5)
    at /app/node_modules/express/lib/router/index.js:281:22"
13,"{""_readableState"":{""objectMode"":false,""highWaterMark"":16384,""buffer"":{""head"":null,""tail"":null,""length"":0},""length"":0,""pipes"":null,""pipesCount"":0,""flowing"":true,""ended"":true,""endEmitted"":true,""reading"":false,""sync"":false,""needReadable"":false,""emittedReadable"":false,""readableListening"":false,""resumeScheduled"":false,""paused"":false,""emitClose"":true,""autoDestroy"":false,""destroyed"":false,""defaultEncoding"":""utf8"",""awaitDrain"":0,""readingMore"":false,""decoder"":null,""encoding"":null},""readable"":false,""_events"":{},""_eventsCount"":1,""socket"":{""connecting"":false,""_hadError"":false,""_parent"":null,""_host"":null,""_readableState"":{""objectMode"":false,""highWaterMark"":16384,""buffer"":{""head"":null,""tail"":null,""length"":0},""length"":0,""pipes"":null,""pipesCount"":0,""flowing"":true,""ended"":false,""endEmitted"":false,""reading"":true,""sync"":false,""needReadable"":true,""emittedReadable"":false,""readableListening"":false,""resumeScheduled"":false,""paused"":false,""emitClose"":false,""autoDestroy"":false,""destroyed"":false,""defaultEncoding"":""utf8"",""awaitDrain"":0,""readingMore"":false,""decoder"":null,""encoding"":null},""readable"":true,""_events"":{""end"":[null,null],""close"":[null,null]},""_eventsCount"":8,""_writableState"":{""objectMode"":false,""highWaterMark"":16384,""finalCalled"":false,""needDrain"":false,""ending"":false,""ended"":false,""finished"":false,""destroyed"":false,""decodeStrings"":false,""defaultEncoding"":""utf8"",""length"":0,""writing"":false,""corked"":0,""sync"":true,""bufferProcessing"":false,""writecb"":null,""writelen"":0,""bufferedRequest"":null,""lastBufferedRequest"":null,""pendingcb"":0,""prefinished"":false,""errorEmitted"":false,""emitClose"":false,""autoDestroy"":false,""bufferedRequestCount"":0,""corkedRequestsFree"":{""next"":null,""entry"":null}},""writable"":true,""allowHalfOpen"":true,""_sockname"":null,""_pendingData"":null,""_pendingEncoding"":"""",""server"":{""_events"":{},""_eventsCount"":2,""_connections"":1,""_handle"":{""reading"":false},""_usingWorkers"":false,""_workers"":[],""_unref"":false,""allowHalfOpen"":true,""pauseOnConnect"":false,""httpAllowHalfOpen"":false,""timeout"":120000,""keepAliveTimeout"":5000,""maxHeadersCount"":null,""headersTimeout"":40000,""_connectionKey"":""6::::48672""},""timeout"":120000,""parser"":{""_headers"":[],""_url"":"""",""outgoing"":null,""maxHeaderPairs"":2000,""_consumed"":true,""parsingHeadersStart"":1572122377642},""_paused"":false,""_httpMessage"":{""_events"":{},""_eventsCount"":1,""outputData"":[],""outputSize"":0,""writable"":true,""_last"":false,""chunkedEncoding"":false,""shouldKeepAlive"":false,""useChunkedEncodingByDefault"":true,""sendDate"":true,""_removedConnection"":false,""_removedContLen"":false,""_removedTE"":false,""_contentLength"":null,""_hasBody"":true,""_trailer"":"""",""finished"":false,""_headerSent"":false,""_header"":null,""_sent100"":false,""_expect_continue"":false,""locals"":{}}},""httpVersionMajor"":1,""httpVersionMinor"":1,""httpVersion"":""1.1"",""complete"":true,""headers"":{""host"":""usatt-server.herokuapp.com"",""connection"":""close"",""user-agent"":""Slackbot 1.0 (+https://api.slack.com/robots)"",""accept-encoding"":""gzip,deflate"",""accept"":""application/json,*/*"",""x-slack-signature"":""v0=051153e4f455f5054e1e98daec006955edda84364c55e171f66755d8b33bf5f1"",""x-slack-request-timestamp"":""1572122377"",""content-type"":""application/x-www-form-urlencoded"",""x-request-id"":""e663d732-9bc4-4f48-af82-2fba4a79765b"",""x-forwarded-for"":""54.82.6.182"",""x-forwarded-proto"":""https"",""x-forwarded-port"":""443"",""via"":""1.1 vegur"",""connect-time"":""0"",""x-request-start"":""1572122377641"",""total-route-time"":""0"",""content-length"":""419""},""rawHeaders"":[""Host"",""usatt-server.herokuapp.com"",""Connection"",""close"",""User-Agent"",""Slackbot 1.0 (+https://api.slack.com/robots)"",""Accept-Encoding"",""gzip,deflate"",""Accept"",""application/json,*/*"",""X-Slack-Signature"",""v0=051153e4f455f5054e1e98daec006955edda84364c55e171f66755d8b33bf5f1"",""X-Slack-Request-Timestamp"",""1572122377"",""Content-Type"",""application/x-www-form-urlencoded"",""X-Request-Id"",""e663d732-9bc4-4f48-af82-2fba4a79765b"",""X-Forwarded-For"",""54.82.6.182"",""X-Forwarded-Proto"",""https"",""X-Forwarded-Port"",""443"",""Via"",""1.1 vegur"",""Connect-Time"",""0"",""X-Request-Start"",""1572122377641"",""Total-Route-Time"",""0"",""Content-Length"",""419""],""trailers"":{},""rawTrailers"":[],""aborted"":false,""upgrade"":false,""url"":""/slack/games"",""method"":""POST"",""statusCode"":null,""statusMessage"":null,""_consuming"":true,""_dumped"":false,""baseUrl"":"""",""originalUrl"":""/slack/games"",""_parsedUrl"":{""protocol"":null,""slashes"":null,""auth"":null,""host"":null,""port"":null,""hostname"":null,""hash"":null,""search"":null,""query"":null,""pathname"":""/slack/games"",""path"":""/slack/games"",""href"":""/slack/games"",""_raw"":""/slack/games""},""params"":{},""query"":{},""body"":{""token"":""weuQ3Jf95B5hPT4Gnx66crHM"",""team_id"":""T6DVAP7E1"",""team_domain"":""ford-mat"",""channel_id"":""CPG4XE87J"",""channel_name"":""ping-pong-devs"",""user_id"":""WEYT2U78B"",""user_name"":""sjaroch"",""command"":""/games"",""text"":""hmriyam sjaroch 132"",""enterprise_id"":""E56ARKB1Q"",""enterprise_name"":""Ford"",""response_url"":""https://hooks.slack.com/commands/T6DVAP7E1/812426934983/oy60kMX2IkcjiYxHDE21qzNf"",""trigger_id"":""797786611090.217996789477.0cb48379e5b7d00e40329c3fad125370""},""_body"":true,""route"":{""path"":""/slack/games"",""stack"":[{""name"":""<anonymous>"",""keys"":[],""regexp"":{""fast_star"":false,""fast_slash"":false},""method"":""post""}],""methods"":{""post"":true}}}",2019-10-26 20:39:37.677466,ReferenceError,url is not defined,"ReferenceError: url is not defined
    at auth (/app/server/slack.js:53:18)
    at create_games (/app/server/slack.js:193:29)
    at attemptAsync (/app/server/server.js:62:22)
    at handleHtmlRequest (/app/server/server.js:78:28)
    at /app/server/server.js:165:46
    at Layer.handle [as handle_request] (/app/node_modules/express/lib/router/layer.js:95:5)
    at next (/app/node_modules/express/lib/router/route.js:137:13)
    at Route.dispatch (/app/node_modules/express/lib/router/route.js:112:3)
    at Layer.handle [as handle_request] (/app/node_modules/express/lib/router/layer.js:95:5)
    at /app/node_modules/express/lib/router/index.js:281:22"
14,"{""_readableState"":{""objectMode"":false,""highWaterMark"":16384,""buffer"":{""head"":null,""tail"":null,""length"":0},""length"":0,""pipes"":null,""pipesCount"":0,""flowing"":true,""ended"":true,""endEmitted"":true,""reading"":false,""sync"":false,""needReadable"":false,""emittedReadable"":false,""readableListening"":false,""resumeScheduled"":false,""paused"":false,""emitClose"":true,""autoDestroy"":false,""destroyed"":false,""defaultEncoding"":""utf8"",""awaitDrain"":0,""readingMore"":false,""decoder"":null,""encoding"":null},""readable"":false,""_events"":{},""_eventsCount"":1,""socket"":{""connecting"":false,""_hadError"":false,""_parent"":null,""_host"":null,""_readableState"":{""objectMode"":false,""highWaterMark"":16384,""buffer"":{""head"":null,""tail"":null,""length"":0},""length"":0,""pipes"":null,""pipesCount"":0,""flowing"":true,""ended"":false,""endEmitted"":false,""reading"":true,""sync"":false,""needReadable"":true,""emittedReadable"":false,""readableListening"":false,""resumeScheduled"":false,""paused"":false,""emitClose"":false,""autoDestroy"":false,""destroyed"":false,""defaultEncoding"":""utf8"",""awaitDrain"":0,""readingMore"":false,""decoder"":null,""encoding"":null},""readable"":true,""_events"":{""end"":[null,null],""close"":[null,null]},""_eventsCount"":8,""_writableState"":{""objectMode"":false,""highWaterMark"":16384,""finalCalled"":false,""needDrain"":false,""ending"":false,""ended"":false,""finished"":false,""destroyed"":false,""decodeStrings"":false,""defaultEncoding"":""utf8"",""length"":0,""writing"":false,""corked"":0,""sync"":true,""bufferProcessing"":false,""writecb"":null,""writelen"":0,""bufferedRequest"":null,""lastBufferedRequest"":null,""pendingcb"":0,""prefinished"":false,""errorEmitted"":false,""emitClose"":false,""autoDestroy"":false,""bufferedRequestCount"":0,""corkedRequestsFree"":{""next"":null,""entry"":null}},""writable"":true,""allowHalfOpen"":true,""_sockname"":null,""_pendingData"":null,""_pendingEncoding"":"""",""server"":{""_events"":{},""_eventsCount"":2,""_connections"":1,""_handle"":{""reading"":false},""_usingWorkers"":false,""_workers"":[],""_unref"":false,""allowHalfOpen"":true,""pauseOnConnect"":false,""httpAllowHalfOpen"":false,""timeout"":120000,""keepAliveTimeout"":5000,""maxHeadersCount"":null,""headersTimeout"":40000,""_connectionKey"":""6::::40560""},""timeout"":120000,""parser"":{""_headers"":[],""_url"":"""",""outgoing"":null,""maxHeaderPairs"":2000,""_consumed"":true,""parsingHeadersStart"":1572132069769},""_paused"":false,""_httpMessage"":{""_events"":{},""_eventsCount"":1,""outputData"":[],""outputSize"":0,""writable"":true,""_last"":false,""chunkedEncoding"":false,""shouldKeepAlive"":false,""useChunkedEncodingByDefault"":true,""sendDate"":true,""_removedConnection"":false,""_removedContLen"":false,""_removedTE"":false,""_contentLength"":null,""_hasBody"":true,""_trailer"":"""",""finished"":false,""_headerSent"":false,""_header"":null,""_sent100"":false,""_expect_continue"":false,""locals"":{}}},""httpVersionMajor"":1,""httpVersionMinor"":1,""httpVersion"":""1.1"",""complete"":true,""headers"":{""host"":""usatt-server.herokuapp.com"",""connection"":""close"",""user-agent"":""Slackbot 1.0 (+https://api.slack.com/robots)"",""accept-encoding"":""gzip,deflate"",""accept"":""application/json,*/*"",""x-slack-signature"":""v0=b9620eed2ef4c07865d06830d8004ef0d2961e0bb952b1380b8c66ccb6f45e18"",""x-slack-request-timestamp"":""1572132069"",""content-type"":""application/x-www-form-urlencoded"",""x-request-id"":""ca3d6857-0c6e-4fe5-add5-9cd9a8e886bf"",""x-forwarded-for"":""34.229.192.179"",""x-forwarded-proto"":""https"",""x-forwarded-port"":""443"",""via"":""1.1 vegur"",""connect-time"":""1"",""x-request-start"":""1572132069765"",""total-route-time"":""0"",""content-length"":""404""},""rawHeaders"":[""Host"",""usatt-server.herokuapp.com"",""Connection"",""close"",""User-Agent"",""Slackbot 1.0 (+https://api.slack.com/robots)"",""Accept-Encoding"",""gzip,deflate"",""Accept"",""application/json,*/*"",""X-Slack-Signature"",""v0=b9620eed2ef4c07865d06830d8004ef0d2961e0bb952b1380b8c66ccb6f45e18"",""X-Slack-Request-Timestamp"",""1572132069"",""Content-Type"",""application/x-www-form-urlencoded"",""X-Request-Id"",""ca3d6857-0c6e-4fe5-add5-9cd9a8e886bf"",""X-Forwarded-For"",""34.229.192.179"",""X-Forwarded-Proto"",""https"",""X-Forwarded-Port"",""443"",""Via"",""1.1 vegur"",""Connect-Time"",""1"",""X-Request-Start"",""1572132069765"",""Total-Route-Time"",""0"",""Content-Length"",""404""],""trailers"":{},""rawTrailers"":[],""aborted"":false,""upgrade"":false,""url"":""/slack/ratings/me"",""method"":""POST"",""statusCode"":null,""statusMessage"":null,""_consuming"":true,""_dumped"":false,""baseUrl"":"""",""originalUrl"":""/slack/ratings/me"",""_parsedUrl"":{""protocol"":null,""slashes"":null,""auth"":null,""host"":null,""port"":null,""hostname"":null,""hash"":null,""search"":null,""query"":null,""pathname"":""/slack/ratings/me"",""path"":""/slack/ratings/me"",""href"":""/slack/ratings/me"",""_raw"":""/slack/ratings/me""},""params"":{},""query"":{},""body"":{""token"":""weuQ3Jf95B5hPT4Gnx66crHM"",""team_id"":""T6DVAP7E1"",""team_domain"":""ford-mat"",""channel_id"":""DEZ6MNJ5T"",""channel_name"":""directmessage"",""user_id"":""WEYT2U78B"",""user_name"":""sjaroch"",""command"":""/pp-mystats"",""text"":"""",""enterprise_id"":""E56ARKB1Q"",""enterprise_name"":""Ford"",""response_url"":""https://hooks.slack.com/commands/T6DVAP7E1/812470788327/usfBaUY6d7DOvZCof67v0LBi"",""trigger_id"":""799143313203.217996789477.c7d4ab57fddf082211cd5547d5e39d18""},""_body"":true,""route"":{""path"":""/slack/ratings/me"",""stack"":[{""name"":""<anonymous>"",""keys"":[],""regexp"":{""fast_star"":false,""fast_slash"":false},""method"":""post""}],""methods"":{""post"":true}}}",2019-10-26 23:21:10.064017,TypeError,auth.get_user_id_by_name is not a function,"TypeError: auth.get_user_id_by_name is not a function
    at get_user_hrating (/app/server/slack.js:385:36)
    at attemptAsync (/app/server/server.js:62:22)
    at handleHtmlRequest (/app/server/server.js:78:28)
    at /app/server/server.js:177:51
    at Layer.handle [as handle_request] (/app/node_modules/express/lib/router/layer.js:95:5)
    at next (/app/node_modules/express/lib/router/route.js:137:13)
    at Route.dispatch (/app/node_modules/express/lib/router/route.js:112:3)
    at Layer.handle [as handle_request] (/app/node_modules/express/lib/router/layer.js:95:5)
    at /app/node_modules/express/lib/router/index.js:281:22
    at Function.process_params (/app/node_modules/express/lib/router/index.js:335:12)"
15,"{""_readableState"":{""objectMode"":false,""highWaterMark"":16384,""buffer"":{""head"":null,""tail"":null,""length"":0},""length"":0,""pipes"":null,""pipesCount"":0,""flowing"":true,""ended"":true,""endEmitted"":true,""reading"":false,""sync"":false,""needReadable"":false,""emittedReadable"":false,""readableListening"":false,""resumeScheduled"":false,""paused"":false,""emitClose"":true,""autoDestroy"":false,""destroyed"":false,""defaultEncoding"":""utf8"",""awaitDrain"":0,""readingMore"":false,""decoder"":null,""encoding"":null},""readable"":false,""_events"":{},""_eventsCount"":1,""socket"":{""connecting"":false,""_hadError"":false,""_parent"":null,""_host"":null,""_readableState"":{""objectMode"":false,""highWaterMark"":16384,""buffer"":{""head"":null,""tail"":null,""length"":0},""length"":0,""pipes"":null,""pipesCount"":0,""flowing"":true,""ended"":false,""endEmitted"":false,""reading"":true,""sync"":false,""needReadable"":true,""emittedReadable"":false,""readableListening"":false,""resumeScheduled"":false,""paused"":false,""emitClose"":false,""autoDestroy"":false,""destroyed"":false,""defaultEncoding"":""utf8"",""awaitDrain"":0,""readingMore"":false,""decoder"":null,""encoding"":null},""readable"":true,""_events"":{""end"":[null,null],""close"":[null,null]},""_eventsCount"":8,""_writableState"":{""objectMode"":false,""highWaterMark"":16384,""finalCalled"":false,""needDrain"":false,""ending"":false,""ended"":false,""finished"":false,""destroyed"":false,""decodeStrings"":false,""defaultEncoding"":""utf8"",""length"":0,""writing"":false,""corked"":0,""sync"":true,""bufferProcessing"":false,""writecb"":null,""writelen"":0,""bufferedRequest"":null,""lastBufferedRequest"":null,""pendingcb"":0,""prefinished"":false,""errorEmitted"":false,""emitClose"":false,""autoDestroy"":false,""bufferedRequestCount"":0,""corkedRequestsFree"":{""next"":null,""entry"":null}},""writable"":true,""allowHalfOpen"":true,""_sockname"":null,""_pendingData"":null,""_pendingEncoding"":"""",""server"":{""_events"":{},""_eventsCount"":2,""_connections"":1,""_handle"":{""reading"":false},""_usingWorkers"":false,""_workers"":[],""_unref"":false,""allowHalfOpen"":true,""pauseOnConnect"":false,""httpAllowHalfOpen"":false,""timeout"":120000,""keepAliveTimeout"":5000,""maxHeadersCount"":null,""headersTimeout"":40000,""_connectionKey"":""6::::43309""},""timeout"":120000,""parser"":{""_headers"":[],""_url"":"""",""outgoing"":null,""maxHeaderPairs"":2000,""_consumed"":true,""parsingHeadersStart"":1572132227626},""_paused"":false,""_httpMessage"":{""_events"":{},""_eventsCount"":1,""outputData"":[],""outputSize"":0,""writable"":true,""_last"":false,""chunkedEncoding"":false,""shouldKeepAlive"":false,""useChunkedEncodingByDefault"":true,""sendDate"":true,""_removedConnection"":false,""_removedContLen"":false,""_removedTE"":false,""_contentLength"":null,""_hasBody"":true,""_trailer"":"""",""finished"":false,""_headerSent"":false,""_header"":null,""_sent100"":false,""_expect_continue"":false,""locals"":{}}},""httpVersionMajor"":1,""httpVersionMinor"":1,""httpVersion"":""1.1"",""complete"":true,""headers"":{""host"":""usatt-server.herokuapp.com"",""connection"":""close"",""user-agent"":""Slackbot 1.0 (+https://api.slack.com/robots)"",""accept-encoding"":""gzip,deflate"",""accept"":""application/json,*/*"",""x-slack-signature"":""v0=7c785a2387af70be08d37d6e8f03b860c7fb1ff50f7e611ac55686ee8f826007"",""x-slack-request-timestamp"":""1572132224"",""content-type"":""application/x-www-form-urlencoded"",""x-request-id"":""9e0ba443-2d96-4a58-907b-da604a0e2975"",""x-forwarded-for"":""3.95.67.127"",""x-forwarded-proto"":""https"",""x-forwarded-port"":""443"",""via"":""1.1 vegur"",""connect-time"":""1"",""x-request-start"":""1572132224620"",""total-route-time"":""3003"",""content-length"":""404""},""rawHeaders"":[""Host"",""usatt-server.herokuapp.com"",""Connection"",""close"",""User-Agent"",""Slackbot 1.0 (+https://api.slack.com/robots)"",""Accept-Encoding"",""gzip,deflate"",""Accept"",""application/json,*/*"",""X-Slack-Signature"",""v0=7c785a2387af70be08d37d6e8f03b860c7fb1ff50f7e611ac55686ee8f826007"",""X-Slack-Request-Timestamp"",""1572132224"",""Content-Type"",""application/x-www-form-urlencoded"",""X-Request-Id"",""9e0ba443-2d96-4a58-907b-da604a0e2975"",""X-Forwarded-For"",""3.95.67.127"",""X-Forwarded-Proto"",""https"",""X-Forwarded-Port"",""443"",""Via"",""1.1 vegur"",""Connect-Time"",""1"",""X-Request-Start"",""1572132224620"",""Total-Route-Time"",""3003"",""Content-Length"",""404""],""trailers"":{},""rawTrailers"":[],""aborted"":false,""upgrade"":false,""url"":""/slack/ratings/me"",""method"":""POST"",""statusCode"":null,""statusMessage"":null,""_consuming"":true,""_dumped"":false,""baseUrl"":"""",""originalUrl"":""/slack/ratings/me"",""_parsedUrl"":{""protocol"":null,""slashes"":null,""auth"":null,""host"":null,""port"":null,""hostname"":null,""hash"":null,""search"":null,""query"":null,""pathname"":""/slack/ratings/me"",""path"":""/slack/ratings/me"",""href"":""/slack/ratings/me"",""_raw"":""/slack/ratings/me""},""params"":{},""query"":{},""body"":{""token"":""weuQ3Jf95B5hPT4Gnx66crHM"",""team_id"":""T6DVAP7E1"",""team_domain"":""ford-mat"",""channel_id"":""DEZ6MNJ5T"",""channel_name"":""directmessage"",""user_id"":""WEYT2U78B"",""user_name"":""sjaroch"",""command"":""/pp-mystats"",""text"":"""",""enterprise_id"":""E56ARKB1Q"",""enterprise_name"":""Ford"",""response_url"":""https://hooks.slack.com/commands/T6DVAP7E1/810614290864/fJfIGxDo5fpUk8yVePcHaU0g"",""trigger_id"":""802709129441.217996789477.9bb78d14d778b63f40a2246cce8bf632""},""_body"":true,""route"":{""path"":""/slack/ratings/me"",""stack"":[{""name"":""<anonymous>"",""keys"":[],""regexp"":{""fast_star"":false,""fast_slash"":false},""method"":""post""}],""methods"":{""post"":true}}}",2019-10-26 23:23:47.751452,TypeError,slack_auth.get_user_id_by_name is not a function,"TypeError: slack_auth.get_user_id_by_name is not a function
    at get_user_hrating (/app/server/slack.js:386:42)
    at attemptAsync (/app/server/server.js:62:22)
    at handleHtmlRequest (/app/server/server.js:78:28)
    at /app/server/server.js:177:51
    at Layer.handle [as handle_request] (/app/node_modules/express/lib/router/layer.js:95:5)
    at next (/app/node_modules/express/lib/router/route.js:137:13)
    at Route.dispatch (/app/node_modules/express/lib/router/route.js:112:3)
    at Layer.handle [as handle_request] (/app/node_modules/express/lib/router/layer.js:95:5)
    at /app/node_modules/express/lib/router/index.js:281:22
    at Function.process_params (/app/node_modules/express/lib/router/index.js:335:12)"
